{"stats":{"minecraft:picked_up":{"minecraft:birch_log":1,"minecraft:crafting_table":1,"minecraft:ladder":3,"simplehats:hatbag_common":1,"minecraft:torch":2,"minecraft:wooden_pickaxe":1,"pointblank:gunmetal_nugget":5,"minecraft:oak_log":6,"minecraft:shield":1,"bloomingnature:bluebell":1,"minecraft:arrow":1,"minecraft:bone":2,"simplehats:brownbrick":1,"minecraft:rotten_flesh":1,"minecraft:wheat_seeds":12,"minecraft:poppy":1,"minecraft:oak_planks":23,"minecraft:cobblestone":15,"minecraft:egg":3},"minecraft:killed_by":{"minecraft:player":1},"minecraft:mined":{"minecraft:birch_log":1,"minecraft:blue_stained_glass":4,"minecraft:gray_stained_glass":4,"minecraft:crafting_table":1,"minecraft:torch":1,"minecraft:ladder":4,"gravestone:gravestone":1,"minecraft:grass":14,"minecraft:oak_log":6,"minecraft:poppy":1,"minecraft:white_stained_glass":9,"minecraft:tall_grass":8,"minecraft:spruce_leaves":1,"bloomingnature:bluebell":1,"minecraft:oak_planks":8,"minecraft:wall_torch":1},"minecraft:dropped":{"simplehats:brownbrick":1,"gravestone:obituary":2,"minecraft:oak_planks":20,"bloomingnature:bluebell":1,"pointblank:gunmetal_nugget":1},"minecraft:custom":{"minecraft:time_since_rest":2739,"minecraft:interact_with_furnace":2,"minecraft:sprint_one_cm":138016,"minecraft:damage_taken":2005,"minecraft:walk_one_cm":164486,"minecraft:mob_kills":8,"minecraft:drop":7,"minecraft:damage_dealt":1172,"minecraft:open_barrel":1,"minecraft:interact_with_crafting_table":4,"minecraft:fly_one_cm":171036,"minecraft:player_kills":1,"minecraft:open_chest":15,"minecraft:crouch_one_cm":3496,"minecraft:play_time":44777,"minecraft:deaths":6,"minecraft:sneak_time":2477,"minecraft:walk_under_water_one_cm":149,"minecraft:jump":964,"minecraft:leave_game":1,"minecraft:time_since_death":2716,"minecraft:walk_on_water_one_cm":2663,"minecraft:climb_one_cm":17299,"minecraft:total_world_time":44777,"minecraft:fall_one_cm":31765},"minecraft:crafted":{"minecraft:oak_planks":24,"minecraft:crafting_table":1,"minecraft:stick":4,"minecraft:stone_sword":1,"minecraft:birch_planks":4,"minecraft:bread":2},"minecraft:used":{"minecraft:water_bucket":16,"minecraft:stone_sword":17,"minecraft:bread":5,"minecraft:oak_planks":24,"minecraft:ladder":3,"minecraft:iron_sword":8,"minecraft:stone_bricks":1,"minecraft:rotten_flesh":1,"minecraft:torch":2,"minecraft:cobblestone":1,"minecraft:crafting_table":1,"minecraft:bucket":17,"minecraft:egg":1},"minecraft:killed":{"minecraft:zombie":5,"hordes:zombie_player":2,"minecraft:spider":1}},"DataVersion":3465}