{"stats":{"minecraft:picked_up":{"simplehats:brownbrick":1,"simplehats:hatbag_common":1,"pointblank:gunmetal_nugget":1,"minecraft:oak_log":4,"minecraft:oak_planks":16},"minecraft:killed_by":{"minecraft:player":1},"minecraft:mined":{"gravestone:gravestone":1,"minecraft:oak_log":4,"minecraft:white_stained_glass":7,"minecraft:spruce_leaves":1,"minecraft:blue_stained_glass":2,"minecraft:poppy":1},"minecraft:dropped":{"gravestone:obituary":1,"minecraft:oak_planks":16,"pointblank:gunmetal_nugget":1,"simplehats:brownbrick":1},"minecraft:custom":{"minecraft:open_chest":1,"minecraft:time_since_rest":3635,"minecraft:deaths":1,"minecraft:crouch_one_cm":54,"minecraft:play_time":10959,"minecraft:sprint_one_cm":59137,"minecraft:interact_with_furnace":1,"minecraft:damage_taken":335,"minecraft:walk_one_cm":26610,"minecraft:sneak_time":164,"minecraft:mob_kills":1,"minecraft:drop":4,"minecraft:jump":299,"minecraft:damage_dealt":155,"minecraft:time_since_death":3597,"minecraft:total_world_time":10959,"minecraft:climb_one_cm":6345,"minecraft:player_kills":1,"minecraft:fall_one_cm":8476,"minecraft:fly_one_cm":61448},"minecraft:crafted":{"minecraft:oak_planks":16},"minecraft:used":{"minecraft:oak_planks":2},"minecraft:killed":{"minecraft:spider":1}},"DataVersion":3465}