{"stats":{"minecraft:picked_up":{"minecraft:ladder":3,"simplehats:hatbag_common":1,"minecraft:torch":2,"pointblank:gunmetal_nugget":1,"minecraft:oak_log":4,"minecraft:shield":1,"simplehats:brownbrick":1,"minecraft:rotten_flesh":1,"minecraft:oak_planks":23,"minecraft:cobblestone":15},"minecraft:mined":{"minecraft:blue_stained_glass":4,"minecraft:torch":1,"minecraft:ladder":4,"gravestone:gravestone":1,"minecraft:oak_log":4,"minecraft:poppy":1,"minecraft:white_stained_glass":9,"minecraft:spruce_leaves":1,"minecraft:oak_planks":8,"minecraft:wall_torch":1},"minecraft:killed_by":{"minecraft:player":1},"minecraft:dropped":{"simplehats:brownbrick":1,"gravestone:obituary":1,"minecraft:oak_planks":20,"pointblank:gunmetal_nugget":1},"minecraft:custom":{"minecraft:time_since_rest":15635,"minecraft:interact_with_furnace":2,"minecraft:sprint_one_cm":85443,"minecraft:damage_taken":805,"minecraft:walk_one_cm":73178,"minecraft:mob_kills":5,"minecraft:drop":5,"minecraft:damage_dealt":705,"minecraft:interact_with_crafting_table":3,"minecraft:fly_one_cm":61515,"minecraft:player_kills":1,"minecraft:open_chest":5,"minecraft:crouch_one_cm":2384,"minecraft:play_time":22959,"minecraft:deaths":1,"minecraft:sneak_time":1734,"minecraft:walk_under_water_one_cm":58,"minecraft:jump":314,"minecraft:time_since_death":15597,"minecraft:walk_on_water_one_cm":660,"minecraft:climb_one_cm":11590,"minecraft:total_world_time":22959,"minecraft:fall_one_cm":8476},"minecraft:crafted":{"minecraft:oak_planks":16,"minecraft:stick":4,"minecraft:stone_sword":1},"minecraft:used":{"minecraft:stone_sword":17,"minecraft:oak_planks":16,"minecraft:ladder":3,"minecraft:rotten_flesh":1,"minecraft:torch":2,"minecraft:cobblestone":1},"minecraft:killed":{"minecraft:zombie":4,"minecraft:spider":1}},"DataVersion":3465}