{"stats":{"minecraft:picked_up":{"minecraft:birch_log":1,"minecraft:crafting_table":1,"minecraft:ladder":3,"simplehats:hatbag_common":1,"minecraft:torch":2,"pointblank:gunmetal_nugget":5,"minecraft:oak_log":6,"minecraft:shield":1,"minecraft:arrow":1,"minecraft:bone":2,"simplehats:brownbrick":1,"minecraft:rotten_flesh":1,"minecraft:wheat_seeds":1,"minecraft:poppy":1,"minecraft:oak_planks":23,"minecraft:cobblestone":15,"minecraft:egg":1},"minecraft:killed_by":{"minecraft:player":1},"minecraft:mined":{"minecraft:birch_log":1,"minecraft:blue_stained_glass":4,"minecraft:crafting_table":1,"minecraft:torch":1,"minecraft:ladder":4,"gravestone:gravestone":1,"minecraft:grass":8,"minecraft:oak_log":6,"minecraft:poppy":1,"minecraft:white_stained_glass":9,"minecraft:tall_grass":3,"minecraft:spruce_leaves":1,"minecraft:oak_planks":8,"minecraft:wall_torch":1},"minecraft:dropped":{"simplehats:brownbrick":1,"gravestone:obituary":2,"minecraft:oak_planks":20,"pointblank:gunmetal_nugget":1},"minecraft:custom":{"minecraft:time_since_rest":9404,"minecraft:interact_with_furnace":2,"minecraft:sprint_one_cm":110776,"minecraft:damage_taken":1430,"minecraft:walk_one_cm":123521,"minecraft:mob_kills":5,"minecraft:drop":6,"minecraft:damage_dealt":728,"minecraft:open_barrel":1,"minecraft:interact_with_crafting_table":4,"minecraft:fly_one_cm":114439,"minecraft:player_kills":1,"minecraft:open_chest":11,"minecraft:crouch_one_cm":2576,"minecraft:play_time":34959,"minecraft:deaths":4,"minecraft:sneak_time":2124,"minecraft:walk_under_water_one_cm":58,"minecraft:jump":663,"minecraft:time_since_death":9380,"minecraft:walk_on_water_one_cm":1714,"minecraft:climb_one_cm":17299,"minecraft:total_world_time":34959,"minecraft:fall_one_cm":20204},"minecraft:crafted":{"minecraft:oak_planks":24,"minecraft:crafting_table":1,"minecraft:stick":4,"minecraft:stone_sword":1,"minecraft:birch_planks":4,"minecraft:bread":2},"minecraft:used":{"minecraft:water_bucket":11,"minecraft:stone_sword":17,"minecraft:bread":3,"minecraft:oak_planks":16,"minecraft:ladder":3,"minecraft:rotten_flesh":1,"minecraft:torch":2,"minecraft:cobblestone":1,"minecraft:crafting_table":1,"minecraft:bucket":11},"minecraft:killed":{"minecraft:zombie":4,"minecraft:spider":1}},"DataVersion":3465}