{"stats":{"minecraft:picked_up":{"minecraft:wheat_seeds":1,"minecraft:egg":1},"minecraft:mined":{"minecraft:grass":1,"minecraft:tall_grass":3},"minecraft:used":{"minecraft:egg":3},"minecraft:custom":{"minecraft:jump":38,"minecraft:open_chest":4,"minecraft:time_since_rest":4702,"minecraft:sprint_one_cm":6069,"minecraft:leave_game":2,"minecraft:play_time":4702,"minecraft:damage_taken":10,"minecraft:time_since_death":4702,"minecraft:walk_one_cm":3654,"minecraft:sneak_time":10,"minecraft:total_world_time":4702,"minecraft:fall_one_cm":2541,"minecraft:fly_one_cm":9038}},"DataVersion":3465}