{"stats":{"minecraft:picked_up":{"minecraft:crafting_table":5,"simplehats:eyeholder_beeholder":1,"minecraft:ladder":4,"minecraft:flower_pot":3,"minecraft:wooden_pickaxe":2,"minecraft:potato":1,"minecraft:oak_log":12,"minecraft:shield":1,"darkestsouls:beast_blood_clump":2,"minecraft:string":12,"minecraft:bone":4,"minecraft:cracked_stone_bricks":5,"minecraft:stone_pickaxe":2,"simplehats:hatbag_uncommon":2,"minecraft:chest":1,"minecraft:iron_sword":2,"minecraft:oak_planks":34,"minecraft:egg":2,"minecraft:furnace":1,"minecraft:stick":6,"minecraft:raw_iron":8,"simplehats:dwarfminerbeard":1,"simplehats:hatbag_common":1,"minecraft:torch":12,"pointblank:gunmetal_nugget":15,"minecraft:stone_sword":2,"minecraft:arrow":1,"minecraft:cactus":3,"simplehats:brownbrick":1,"minecraft:rotten_flesh":5,"minecraft:coal":12,"minecraft:white_wool":1,"minecraft:cobblestone":34},"minecraft:mined":{"minecraft:potted_cactus":1,"minecraft:blue_stained_glass":8,"minecraft:crafting_table":4,"gravestone:gravestone":2,"minecraft:ladder":2,"minecraft:chest":1,"minecraft:white_stained_glass":1,"minecraft:oak_planks":3,"minecraft:furnace":1,"minecraft:iron_ore":4,"minecraft:grass":3,"minecraft:oak_log":12,"minecraft:coal_ore":10,"minecraft:cobweb":5,"minecraft:cracked_stone_bricks":2,"minecraft:stone":20,"minecraft:oak_leaves":1},"minecraft:killed_by":{"minecraft:player":1},"minecraft:dropped":{"minecraft:cobblestone":14,"pointblank:gunmetal_nugget":1,"minecraft:shield":1,"simplehats:hatbag_common":1,"simplehats:hatbag_uncommon":1,"simplehats:brownbrick":1,"gravestone:obituary":2,"minecraft:arrow":1,"minecraft:egg":1},"minecraft:custom":{"minecraft:interact_with_furnace":5,"minecraft:mob_kills":9,"minecraft:interact_with_crafting_table":13,"minecraft:leave_game":1,"minecraft:time_since_death":1626,"minecraft:climb_one_cm":21944,"minecraft:time_since_rest":1648,"minecraft:sprint_one_cm":159815,"minecraft:damage_taken":2188,"minecraft:walk_one_cm":191202,"minecraft:damage_blocked_by_shield":240,"minecraft:drop":10,"minecraft:damage_dealt":2410,"minecraft:swim_one_cm":992,"minecraft:fly_one_cm":226527,"minecraft:player_kills":1,"minecraft:open_chest":10,"minecraft:play_time":56520,"minecraft:deaths":7,"minecraft:sneak_time":913,"minecraft:walk_under_water_one_cm":80,"minecraft:jump":811,"minecraft:walk_on_water_one_cm":1149,"minecraft:total_world_time":56520,"minecraft:fall_one_cm":9761},"minecraft:crafted":{"minecraft:oak_planks":40,"minecraft:crafting_table":1,"minecraft:wooden_pickaxe":1,"minecraft:iron_sword":1,"minecraft:air":0,"minecraft:white_wool":1,"minecraft:shield":2,"minecraft:stick":16,"minecraft:iron_ingot":4,"minecraft:stone_pickaxe":1,"minecraft:stone_sword":1,"minecraft:chest":2,"minecraft:torch":28},"minecraft:used":{"minecraft:stone_sword":9,"minecraft:stone_pickaxe":39,"minecraft:oak_planks":1,"minecraft:ladder":2,"minecraft:shield":2,"minecraft:chest":3,"minecraft:wooden_pickaxe":3,"minecraft:iron_sword":39,"minecraft:rotten_flesh":5,"minecraft:cracked_stone_bricks":1,"minecraft:torch":16,"minecraft:crafting_table":5,"minecraft:oak_log":2,"the_flesh_that_hates:plaqueincubatorone_spawn_egg":1,"minecraft:furnace":1,"minecraft:potato":1},"minecraft:killed":{"hordes:zombie_player":3,"minecraft:spider":1,"minecraft:zombie":4,"darkestsouls:beast_patient":1}},"DataVersion":3465}