{"stats":{"minecraft:crafted":{"minecraft:oak_planks":716,"minecraft:cobblestone_slab":48,"minecraft:dark_oak_wood":3,"minecraft:cooked_mutton":5,"minecraft:iron_boots":1,"minecraft:chest":51,"minecraft:oak_slab":132,"minecraft:crafting_table":5,"minecraft:wooden_pickaxe":1,"minecraft:iron_helmet":1,"bloomingnature:swamp_oak_planks":292,"minecraft:copper_ingot":12049,"minecraft:oak_wood":3,"minecraft:dark_oak_slab":30,"minecraft:iron_chestplate":1,"minecraft:charcoal":2,"minecraft:shield":2,"minecraft:stick":76,"minecraft:iron_pickaxe":2,"minecraft:iron_ingot":3981,"minecraft:iron_block":4,"minecraft:stone_sword":1,"minecraft:gold_ingot":4619,"bloomingnature:chestnut_planks":28,"minecraft:furnace":2,"minecraft:iron_axe":1,"minecraft:ladder":15,"minecraft:stone_pickaxe":2,"bloomingnature:swamp_oak_slab":168,"minecraft:dark_oak_planks":44,"cgm:workbench":1,"minecraft:cooked_beef":6,"bloomingnature:swamp_oak_wood":6,"minecraft:iron_sword":1,"tacz:gun_smith_table":1,"minecraft:stone_axe":4,"minecraft:air":0,"minecraft:white_wool":1,"minecraft:raw_gold":36,"minecraft:iron_leggings":1,"minecraft:anvil":1,"minecraft:torch":40},"minecraft:dropped":{"minecraft:cooked_porkchop":40,"minecraft:gold_block":64,"minecraft:dirt":5,"gravestone:obituary":3,"minecraft:dark_oak_planks":12,"minecraft:white_wool":1,"minecraft:bone":1,"simplehats:hatbag_rare":1,"minecraft:rotten_flesh":5,"darkestsouls:beast_blood_clump":1,"cgm:basic_bullet":128,"simplehats:hatbag_uncommon":3,"simplehats:brownbrick":1,"minecraft:arrow":1,"minecraft:glass":256,"simplehats:hatbag_epic":1,"minecraft:egg":1,"minecraft:iron_ingot":332,"minecraft:oak_slab":1,"cgm:mini_gun":1,"minecraft:cobblestone":14,"horror_element_mod:blood_2":1,"minecraft:oxeye_daisy":1,"epicsamurai:steel_ingot":320,"minecraft:milk_bucket":1,"minecraft:iron_leggings":1,"tacz:modern_kinetic_gun":3,"securitycraft:sc_manual":1,"epicsamurai:silver_ingot":320,"pointblank:gunmetal_nugget":10,"epicsamurai:quartz_ingot":320,"minecraft:shield":1,"minecraft:flower_pot":1,"simplehats:hatbag_common":4,"minecraft:bow":1,"epicsamurai:amethyst_ingot":320},"minecraft:broken":{"spartanweaponry:iron_battle_hammer":1,"minecraft:iron_shovel":1,"minecraft:stone_pickaxe":1,"minecraft:stone_axe":1,"minecraft:iron_pickaxe":1},"minecraft:killed_by":{"minecraft:player":1},"minecraft:used":{"minecraft:iron_shovel":542,"securitycraft:reinforced_black_terracotta":1536,"minecraft:ladder":25,"minecraft:chest":61,"minecraft:shield":7,"minecraft:iron_sword":58,"minecraft:rotten_flesh":8,"minecraft:birch_pressure_plate":1,"minecraft:glass":8,"the_flesh_that_hates:plaqueincubatorone_spawn_egg":1,"minecraft:mangrove_stairs":1,"minecraft:grass_block":4,"minecraft:iron_helmet":1,"minecraft:dark_oak_button":4,"minecraft:stone_bricks":47,"minecraft:furnace":3,"bloomingnature:swamp_oak_planks":211,"minecraft:potato":2,"bloomingnature:swamp_oak_slab":170,"minecraft:stone_pickaxe":237,"minecraft:oak_planks":101,"minecraft:wooden_pickaxe":3,"securitycraft:keypad_barrel":57,"minecraft:golden_apple":1,"securitycraft:reinforced_sticky_piston":17,"minecraft:redstone_torch":16,"minecraft:sticky_piston":9,"minecraft:dark_oak_log":3,"minecraft:oak_pressure_plate":10,"cgm:assault_rifle":328,"minecraft:soul_lantern":1,"minecraft:smithing_table":1,"cgm:mini_gun":556,"minecraft:stone_sword":95,"minecraft:armor_stand":3,"securitycraft:keypad_chest":21,"minecraft:redstone":107,"minecraft:spruce_planks":3,"tacz:gun_smith_table":6,"securitycraft:keypad_door_item":2,"minecraft:torch":34,"minecraft:anvil":2,"minecraft:dirt":67,"cgm:workbench":2,"minecraft:iron_hoe":2,"beautify:lamp_light_bulb":90,"minecraft:dark_oak_planks":15,"minecraft:wooden_axe":12,"minecraft:iron_axe":150,"spartanweaponry:iron_rapier":5,"minecraft:iron_boots":1,"minecraft:barrel":2,"securitycraft:reinforced_glass":35,"spartanweaponry:iron_battle_hammer":7,"minecraft:cooked_beef":1,"minecraft:cooked_mutton":2,"minecraft:water_bucket":26,"minecraft:copper_block":1,"securitycraft:panic_button":22,"minecraft:cracked_stone_bricks":1,"minecraft:oak_slab":132,"minecraft:crafting_table":9,"minecraft:white_bed":3,"minecraft:oak_log":15,"minecraft:flower_pot":2,"minecraft:apple":1,"minecraft:iron_pickaxe":331,"minecraft:stone_axe":154,"minecraft:cobblestone":85,"minecraft:cooked_porkchop":56,"minecraft:black_candle":1,"minecraft:stripped_oak_log":2},"minecraft:killed":{"the_flesh_that_hates:flesh_dog":1,"minecraft:spider":2,"minecraft:zombie_horse":3,"minecraft:skeleton":3,"the_flesh_that_hates:plaquecontaminator":1,"darkestsouls:beast_patient":1,"darkestsouls:hollow_longsword":1,"minecraft:zombie_villager":17,"minecraft:sheep":4,"minecraft:pillager":2,"minecraft:zombie":83,"minecraft:cow":8,"bloomingnature:deer":1,"hordes:zombie_player":5,"minecraft:phantom":2,"darkestsouls:hollow_broken_straightsword":1,"the_flesh_that_hates:flesh_hunter_two":1,"the_flesh_that_hates:plaquethreelegcreature":1,"minecraft:husk":45,"darkestsouls:cloaked_beast_patient":1},"minecraft:custom":{"minecraft:interact_with_crafting_table":63,"minecraft:open_barrel":50,"minecraft:leave_game":13,"minecraft:time_since_death":483510,"minecraft:sprint_one_cm":1030710,"minecraft:damage_blocked_by_shield":480,"minecraft:drop":94,"minecraft:play_noteblock":2,"minecraft:play_time":564122,"minecraft:deaths":9,"minecraft:jump":5263,"minecraft:walk_on_water_one_cm":10565,"minecraft:interact_with_furnace":32,"minecraft:sleep_in_bed":14,"minecraft:damage_dealt":9665,"minecraft:player_kills":1,"minecraft:crouch_one_cm":20945,"minecraft:interact_with_smithing_table":8,"minecraft:mob_kills":183,"minecraft:interact_with_anvil":6,"minecraft:climb_one_cm":62863,"minecraft:walk_one_cm":1609340,"minecraft:sneak_time":13857,"minecraft:walk_under_water_one_cm":11006,"minecraft:total_world_time":564122,"minecraft:tune_noteblock":1,"minecraft:pot_flower":1,"minecraft:time_since_rest":120349,"minecraft:damage_absorbed":40,"minecraft:damage_taken":6612,"minecraft:swim_one_cm":35807,"minecraft:fly_one_cm":1136528,"minecraft:open_chest":484,"minecraft:fall_one_cm":135565},"minecraft:picked_up":{"minecraft:wooden_axe":1,"simplehats:eyeholder_beeholder":1,"minecraft:wheat":2,"cgm:basic_bullet":630,"minecraft:exposed_copper":17,"minecraft:flower_pot":7,"simplehats:hatbag_rare":6,"minecraft:anvil":1,"epicsamurai:steel_ingot":320,"minecraft:smithing_table":1,"minecraft:enchanted_book":3,"epicsamurai:amethyst_ingot":320,"simplehats:clockface":1,"darkestsouls:beast_blood_clump":3,"minecraft:string":21,"minecraft:raw_copper":89,"zombie_more:acid_drool":1,"minecraft:sticky_piston":5,"minecraft:comparator":1,"minecraft:spruce_planks":9,"minecraft:redstone_torch":1,"minecraft:azalea":1,"minecraft:iron_pickaxe":1,"cgm:advanced_bullet":128,"minecraft:mangrove_log":4,"minecraft:furnace":1,"minecraft:stick":12,"simplehats:dwarfminerbeard":1,"simplehats:penguinhat":1,"minecraft:torch":27,"minecraft:spruce_stairs":3,"tacz:attachment":2,"bloomingnature:chestnut_log":7,"minecraft:quartz_block":24,"minecraft:stone_sword":4,"minecraft:cactus":4,"minecraft:mangrove_stairs":1,"minecraft:rotten_flesh":199,"minecraft:iron_block":20,"minecraft:cyan_terracotta":31,"simplehats:paypay":1,"simplehats:dumhat":1,"minecraft:cobblestone":303,"minecraft:iron_door":2,"minecraft:water_bucket":1,"minecraft:copper_block":35,"minecraft:potato":4,"darkestsouls:cinnabar":124,"jeg:scrap":24,"securitycraft:reinforced_ladder":1,"minecraft:dirt":90,"the_flesh_that_hates:piece_of_flesh":5,"minecraft:name_tag":1,"spartanweaponry:iron_rapier":3,"simplehats:hatbag_epic":6,"minecraft:glass":256,"minecraft:bone":15,"bloomingnature:bluebell":1,"minecraft:wheat_seeds":49,"simplehats:hatbag_uncommon":16,"simplehats:toptophathat":1,"tacz:gun_smith_table":4,"minecraft:bamboo":1,"simplehats:spyzombie":1,"minecraft:oak_planks":44,"minecraft:cooked_porkchop":1,"cgm:rifle":1,"simplehats:shroomcap":1,"minecraft:oak_pressure_plate":1,"minecraft:lily_of_the_valley":1,"minecraft:dark_oak_log":26,"minecraft:barrel":2,"simplehats:foxhat":1,"horror_element_mod:blood_2":1,"simplehats:cardboard_box":1,"minecraft:black_concrete":4160,"bloomingnature:swamp_oak_log":84,"minecraft:soul_lantern":1,"minecraft:oak_sapling":2,"minecraft:light_gray_carpet":11,"minecraft:crafting_table":8,"minecraft:ladder":11,"minecraft:leather_leggings":1,"securitycraft:panic_button":1,"minecraft:wooden_pickaxe":3,"minecraft:gold_block":72,"minecraft:shield":1,"minecraft:cracked_stone_bricks":6,"bloomingnature:swamp_oak_slab":2,"simplehats:redeyes":1,"cgm:mini_gun":1,"minecraft:beef":17,"minecraft:poppy":4,"minecraft:chest":11,"minecraft:spruce_trapdoor":1,"minecraft:egg":5,"minecraft:raw_iron":12,"minecraft:raw_gold_block":4,"simplehats:hatbag_common":14,"minecraft:copper_ingot":8,"simplehats:sonichood":1,"pointblank:gunmetal_nugget":234,"minecraft:redstone":16,"simplehats:bigcrown":1,"minecraft:dark_oak_planks":2,"minecraft:tnt":2,"simplehats:floatingstar":1,"minecraft:arrow":6,"cgm:assault_rifle":1,"epicsamurai:quartz_ingot":320,"minecraft:gold_ingot":6,"minecraft:mutton":6,"minecraft:white_wool":6,"minecraft:oxeye_daisy":3,"minecraft:stripped_oak_log":17,"minecraft:tripwire_hook":2,"minecraft:salmon":4,"minecraft:leather":12,"minecraft:yellow_dye":1,"bloomingnature:swamp_oak_planks":10,"securitycraft:sc_manual":1,"minecraft:oak_log":120,"minecraft:gunpowder":4782,"minecraft:cobblestone_wall":1,"minecraft:apple":1,"minecraft:iron_ingot":7,"minecraft:stone_pickaxe":3,"minecraft:iron_sword":4,"jeg:tech_trash":3,"epicsamurai:silver_ingot":320,"minecraft:book":20,"minecraft:oak_slab":5,"simplehats:rock":1,"minecraft:black_candle":1,"minecraft:weathered_copper":1,"minecraft:blast_furnace":1,"minecraft:white_bed":2,"simplehats:baby_crewmate":1,"spartanweaponry:iron_battle_hammer":1,"minecraft:oak_wood":4160,"minecraft:firework_rocket":20,"simplehats:brownbrick":3,"tacz:modern_kinetic_gun":6,"simplehats:thumbnail":1,"minecraft:dark_oak_wood":4160,"cgm:workbench":1,"minecraft:coal":43,"minecraft:hopper":10},"minecraft:mined":{"minecraft:dark_oak_planks":2,"minecraft:spruce_planks":9,"minecraft:white_bed":2,"minecraft:potted_cactus":1,"minecraft:spruce_trapdoor":2,"minecraft:grass_block":12,"minecraft:exposed_cut_copper_stairs":1,"minecraft:hopper":10,"tacz:gun_smith_table":4,"minecraft:oxeye_daisy":2,"minecraft:iron_ore":8,"minecraft:sticky_piston":5,"minecraft:barrel":2,"minecraft:anvil":1,"bloomingnature:chestnut_log":7,"minecraft:quartz_block":24,"minecraft:cyan_terracotta":35,"minecraft:exposed_copper":17,"minecraft:smoker":1,"minecraft:blue_stained_glass":8,"minecraft:torch":1,"minecraft:blast_furnace":1,"minecraft:chest":11,"minecraft:glass":5,"minecraft:cobblestone":8,"minecraft:potted_oak_sapling":2,"minecraft:oak_planks":7,"minecraft:iron_door":1,"minecraft:wall_torch":1,"minecraft:tnt":2,"minecraft:copper_block":1,"minecraft:grass":192,"minecraft:oak_log":113,"minecraft:dirt":78,"minecraft:oak_leaves":6,"minecraft:dark_oak_log":24,"gravestone:gravestone":2,"minecraft:ladder":2,"minecraft:weathered_copper":1,"minecraft:potted_azalea_bush":1,"minecraft:white_stained_glass":5,"bloomingnature:swamp_oak_slab":1,"horror_element_mod:blood_2":1,"minecraft:potted_bamboo":1,"cgm:workbench":1,"minecraft:large_fern":47,"minecraft:furnace":1,"minecraft:raw_gold_block":4,"bloomingnature:swamp_oak_leaves":1,"minecraft:vine":3,"minecraft:stripped_oak_log":17,"bloomingnature:bluebell":1,"minecraft:stone":274,"minecraft:smithing_table":1,"minecraft:oak_slab":6,"minecraft:light_gray_carpet":11,"minecraft:mangrove_stairs":1,"jeg:scrap_ore":7,"bloomingnature:swamp_oak_planks":10,"minecraft:lily_of_the_valley":1,"minecraft:crafting_table":6,"minecraft:gray_stained_glass":6,"minecraft:tall_grass":41,"minecraft:copper_ore":24,"minecraft:spruce_stairs":3,"bloomingnature:swamp_oak_log":88,"minecraft:cobblestone_wall":1,"minecraft:sea_pickle":1,"minecraft:birch_leaves":1,"minecraft:coal_ore":30,"darkestsouls:cinnabar_ore":83,"minecraft:flower_pot":1,"minecraft:cobweb":5,"minecraft:cracked_stone_bricks":2,"minecraft:fern":39}},"DataVersion":3465}