{"stats":{"minecraft:picked_up":{"minecraft:crafting_table":5,"simplehats:eyeholder_beeholder":1,"minecraft:ladder":3,"minecraft:flower_pot":2,"minecraft:wooden_pickaxe":1,"minecraft:potato":1,"minecraft:oak_log":12,"minecraft:string":9,"minecraft:cracked_stone_bricks":4,"minecraft:stone_pickaxe":1,"simplehats:hatbag_uncommon":2,"minecraft:chest":1,"minecraft:oak_planks":29,"minecraft:egg":2,"minecraft:furnace":1,"minecraft:raw_iron":8,"simplehats:hatbag_common":1,"pointblank:gunmetal_nugget":8,"minecraft:cactus":2,"simplehats:brownbrick":1,"minecraft:rotten_flesh":5,"minecraft:coal":10,"minecraft:cobblestone":22},"minecraft:mined":{"minecraft:potted_cactus":1,"minecraft:blue_stained_glass":2,"minecraft:crafting_table":4,"gravestone:gravestone":2,"minecraft:ladder":2,"minecraft:chest":1,"minecraft:white_stained_glass":1,"minecraft:oak_planks":2,"minecraft:furnace":1,"minecraft:iron_ore":4,"minecraft:grass":3,"minecraft:oak_log":12,"minecraft:coal_ore":10,"minecraft:cobweb":5,"minecraft:cracked_stone_bricks":2,"minecraft:stone":20,"minecraft:oak_leaves":1},"minecraft:killed_by":{"minecraft:player":1},"minecraft:dropped":{"minecraft:cobblestone":14,"pointblank:gunmetal_nugget":1,"minecraft:shield":1,"simplehats:hatbag_common":1,"simplehats:hatbag_uncommon":1,"gravestone:obituary":1,"minecraft:egg":1},"minecraft:custom":{"minecraft:interact_with_furnace":5,"minecraft:mob_kills":5,"minecraft:interact_with_crafting_table":13,"minecraft:leave_game":1,"minecraft:time_since_death":102,"minecraft:climb_one_cm":8586,"minecraft:time_since_rest":129,"minecraft:sprint_one_cm":118254,"minecraft:damage_taken":643,"minecraft:walk_one_cm":148660,"minecraft:damage_blocked_by_shield":135,"minecraft:drop":7,"minecraft:damage_dealt":1431,"minecraft:swim_one_cm":992,"minecraft:fly_one_cm":206220,"minecraft:player_kills":1,"minecraft:open_chest":8,"minecraft:play_time":44520,"minecraft:deaths":2,"minecraft:sneak_time":782,"minecraft:walk_under_water_one_cm":80,"minecraft:jump":625,"minecraft:walk_on_water_one_cm":347,"minecraft:total_world_time":44520,"minecraft:fall_one_cm":6163},"minecraft:crafted":{"minecraft:oak_planks":40,"minecraft:crafting_table":1,"minecraft:wooden_pickaxe":1,"minecraft:iron_sword":1,"minecraft:air":0,"minecraft:white_wool":1,"minecraft:shield":2,"minecraft:stick":16,"minecraft:iron_ingot":4,"minecraft:stone_pickaxe":1,"minecraft:stone_sword":1,"minecraft:chest":2,"minecraft:torch":28},"minecraft:used":{"minecraft:stone_sword":9,"minecraft:stone_pickaxe":39,"minecraft:ladder":2,"minecraft:shield":1,"minecraft:chest":3,"minecraft:wooden_pickaxe":3,"minecraft:iron_sword":21,"minecraft:rotten_flesh":5,"minecraft:cracked_stone_bricks":1,"minecraft:torch":16,"minecraft:crafting_table":5,"minecraft:oak_log":2,"the_flesh_that_hates:plaqueincubatorone_spawn_egg":1,"minecraft:furnace":1,"minecraft:potato":1},"minecraft:killed":{"minecraft:spider":1,"minecraft:zombie":4}},"DataVersion":3465}