{"stats":{"minecraft:picked_up":{"minecraft:raw_iron":8,"minecraft:crafting_table":4,"simplehats:eyeholder_beeholder":1,"simplehats:hatbag_common":1,"minecraft:flower_pot":2,"minecraft:wooden_pickaxe":1,"pointblank:gunmetal_nugget":1,"minecraft:oak_log":12,"minecraft:string":6,"minecraft:cactus":2,"simplehats:brownbrick":1,"minecraft:cracked_stone_bricks":4,"minecraft:stone_pickaxe":1,"minecraft:chest":1,"minecraft:oak_planks":23,"minecraft:coal":10,"minecraft:cobblestone":9,"minecraft:egg":2},"minecraft:killed_by":{"minecraft:player":1},"minecraft:mined":{"minecraft:iron_ore":4,"minecraft:blue_stained_glass":2,"minecraft:potted_cactus":1,"minecraft:crafting_table":3,"gravestone:gravestone":2,"minecraft:grass":3,"minecraft:coal_ore":10,"minecraft:oak_log":12,"minecraft:chest":1,"minecraft:white_stained_glass":1,"minecraft:cobweb":2,"minecraft:cracked_stone_bricks":2,"minecraft:stone":6,"minecraft:oak_leaves":1},"minecraft:dropped":{"simplehats:hatbag_common":1,"gravestone:obituary":1,"pointblank:gunmetal_nugget":1,"minecraft:egg":1},"minecraft:custom":{"minecraft:time_since_rest":2106,"minecraft:sprint_one_cm":84554,"minecraft:damage_taken":300,"minecraft:walk_one_cm":85104,"minecraft:mob_kills":1,"minecraft:drop":4,"minecraft:damage_dealt":215,"minecraft:player_kills":1,"minecraft:interact_with_crafting_table":5,"minecraft:swim_one_cm":992,"minecraft:fly_one_cm":205876,"minecraft:open_chest":3,"minecraft:play_time":32520,"minecraft:deaths":1,"minecraft:sneak_time":475,"minecraft:walk_under_water_one_cm":80,"minecraft:jump":602,"minecraft:leave_game":1,"minecraft:time_since_death":2069,"minecraft:walk_on_water_one_cm":347,"minecraft:climb_one_cm":3624,"minecraft:total_world_time":32520,"minecraft:fall_one_cm":6163},"minecraft:crafted":{"minecraft:oak_planks":40,"minecraft:crafting_table":1,"minecraft:stick":8,"minecraft:wooden_pickaxe":1,"minecraft:stone_pickaxe":1,"minecraft:stone_sword":1,"minecraft:chest":1},"minecraft:used":{"minecraft:oak_log":2,"the_flesh_that_hates:plaqueincubatorone_spawn_egg":1,"minecraft:stone_sword":2,"minecraft:stone_pickaxe":23,"minecraft:chest":1,"minecraft:wooden_pickaxe":3,"minecraft:crafting_table":4},"minecraft:killed":{"minecraft:spider":1}},"DataVersion":3465}