{"stats":{"minecraft:picked_up":{"simplehats:eyeholder_beeholder":1,"minecraft:egg":2},"minecraft:mined":{"gravestone:gravestone":1,"minecraft:grass":3},"minecraft:dropped":{"minecraft:egg":1},"minecraft:custom":{"minecraft:time_since_rest":20520,"minecraft:damage_taken":40,"minecraft:leave_game":1,"minecraft:play_time":20520,"minecraft:sprint_one_cm":59347,"minecraft:time_since_death":20520,"minecraft:walk_on_water_one_cm":81,"minecraft:walk_one_cm":25830,"minecraft:sneak_time":281,"minecraft:total_world_time":20520,"minecraft:walk_under_water_one_cm":80,"minecraft:swim_one_cm":992,"minecraft:fall_one_cm":2387,"minecraft:drop":1,"minecraft:fly_one_cm":182229,"minecraft:jump":426},"minecraft:used":{"the_flesh_that_hates:plaqueincubatorone_spawn_egg":1}},"DataVersion":3465}