{"stats":{"minecraft:picked_up":{"minecraft:stripped_oak_log":2,"minecraft:crafting_table":5,"simplehats:eyeholder_beeholder":1,"simplehats:hatbag_rare":1,"minecraft:iron_door":1,"minecraft:ladder":5,"minecraft:flower_pot":5,"minecraft:leather":5,"minecraft:wooden_pickaxe":2,"minecraft:potato":1,"jeg:scrap":15,"minecraft:oak_log":21,"minecraft:shield":1,"darkestsouls:beast_blood_clump":3,"minecraft:dirt":62,"minecraft:string":15,"spartanweaponry:iron_rapier":1,"minecraft:bone":6,"minecraft:cracked_stone_bricks":6,"minecraft:wheat_seeds":11,"minecraft:spruce_planks":9,"minecraft:beef":7,"minecraft:stone_pickaxe":3,"minecraft:poppy":2,"simplehats:hatbag_uncommon":2,"jeg:tech_trash":1,"minecraft:chest":2,"minecraft:oak_planks":39,"minecraft:iron_sword":4,"minecraft:egg":2,"minecraft:furnace":1,"minecraft:stick":12,"minecraft:raw_iron":12,"simplehats:dwarfminerbeard":1,"simplehats:hatbag_common":1,"minecraft:torch":26,"pointblank:gunmetal_nugget":35,"minecraft:lily_of_the_valley":1,"bloomingnature:chestnut_log":7,"minecraft:dark_oak_log":2,"minecraft:stone_sword":4,"minecraft:arrow":3,"minecraft:cactus":4,"simplehats:brownbrick":3,"minecraft:rotten_flesh":14,"horror_element_mod:blood_2":1,"bloomingnature:swamp_oak_log":35,"minecraft:oak_sapling":1,"minecraft:mutton":5,"minecraft:coal":26,"minecraft:white_wool":5,"minecraft:cobblestone":158,"minecraft:oxeye_daisy":2},"minecraft:killed_by":{"minecraft:player":1},"minecraft:mined":{"minecraft:spruce_planks":9,"jeg:scrap_ore":7,"bloomingnature:chestnut_log":7,"minecraft:lily_of_the_valley":1,"minecraft:dark_oak_log":2,"minecraft:potted_cactus":1,"minecraft:blue_stained_glass":8,"minecraft:torch":1,"minecraft:crafting_table":4,"gravestone:gravestone":2,"minecraft:ladder":2,"minecraft:grass_block":2,"minecraft:gray_stained_glass":6,"minecraft:chest":2,"minecraft:white_stained_glass":1,"minecraft:cobblestone":1,"horror_element_mod:blood_2":1,"minecraft:glass":1,"minecraft:tall_grass":11,"minecraft:potted_oak_sapling":1,"minecraft:oak_planks":4,"minecraft:oxeye_daisy":1,"minecraft:wall_torch":1,"minecraft:large_fern":1,"bloomingnature:swamp_oak_log":37,"minecraft:furnace":1,"minecraft:iron_ore":8,"bloomingnature:swamp_oak_leaves":1,"minecraft:grass":12,"minecraft:oak_log":21,"minecraft:coal_ore":22,"minecraft:dirt":60,"minecraft:stripped_oak_log":2,"minecraft:cobweb":5,"minecraft:cracked_stone_bricks":2,"minecraft:stone":135,"minecraft:oak_leaves":1,"minecraft:fern":2},"minecraft:dropped":{"minecraft:cobblestone":14,"darkestsouls:beast_blood_clump":1,"pointblank:gunmetal_nugget":1,"minecraft:oxeye_daisy":1,"horror_element_mod:blood_2":1,"minecraft:flower_pot":1,"minecraft:shield":1,"simplehats:hatbag_common":1,"simplehats:hatbag_uncommon":1,"simplehats:brownbrick":1,"gravestone:obituary":3,"minecraft:arrow":1,"minecraft:white_wool":1,"minecraft:bone":1,"minecraft:egg":1},"minecraft:custom":{"minecraft:interact_with_furnace":12,"minecraft:mob_kills":27,"minecraft:interact_with_crafting_table":18,"minecraft:open_barrel":1,"minecraft:leave_game":2,"minecraft:time_since_death":56087,"minecraft:climb_one_cm":24253,"minecraft:time_since_rest":56128,"minecraft:sprint_one_cm":317363,"minecraft:damage_taken":4358,"minecraft:walk_one_cm":389410,"minecraft:damage_blocked_by_shield":480,"minecraft:drop":17,"minecraft:damage_dealt":5611,"minecraft:swim_one_cm":8888,"minecraft:player_kills":1,"minecraft:fly_one_cm":349303,"minecraft:open_chest":57,"minecraft:play_time":136699,"minecraft:deaths":9,"minecraft:sneak_time":5189,"minecraft:walk_under_water_one_cm":2805,"minecraft:jump":1557,"minecraft:walk_on_water_one_cm":5183,"minecraft:total_world_time":136699,"minecraft:fall_one_cm":26847},"minecraft:crafted":{"minecraft:cooked_beef":4,"bloomingnature:chestnut_planks":28,"minecraft:oak_planks":60,"minecraft:crafting_table":4,"minecraft:wooden_pickaxe":1,"minecraft:iron_sword":1,"bloomingnature:swamp_oak_planks":140,"minecraft:furnace":2,"minecraft:stone_axe":1,"minecraft:cooked_mutton":2,"minecraft:air":0,"minecraft:white_wool":1,"minecraft:shield":2,"minecraft:stick":20,"minecraft:iron_ingot":4,"minecraft:stone_pickaxe":2,"minecraft:stone_sword":1,"minecraft:chest":3,"minecraft:torch":40},"minecraft:used":{"minecraft:cooked_mutton":2,"minecraft:stone_sword":47,"minecraft:redstone":1,"minecraft:stone_pickaxe":181,"minecraft:oak_planks":9,"minecraft:ladder":2,"minecraft:spruce_planks":3,"minecraft:wooden_pickaxe":3,"minecraft:chest":5,"minecraft:shield":7,"minecraft:iron_sword":58,"minecraft:rotten_flesh":8,"minecraft:cracked_stone_bricks":1,"minecraft:torch":30,"minecraft:dirt":62,"minecraft:crafting_table":8,"minecraft:oak_log":2,"the_flesh_that_hates:plaqueincubatorone_spawn_egg":1,"minecraft:stone_axe":66,"minecraft:cobblestone":85,"minecraft:furnace":3,"minecraft:cooked_porkchop":11,"bloomingnature:swamp_oak_planks":75,"minecraft:cooked_beef":1,"minecraft:potato":1},"minecraft:broken":{"minecraft:stone_pickaxe":1},"minecraft:killed":{"bloomingnature:deer":1,"hordes:zombie_player":4,"minecraft:spider":1,"minecraft:zombie_horse":1,"minecraft:sheep":3,"minecraft:skeleton":1,"minecraft:zombie":11,"darkestsouls:cloaked_beast_patient":1,"darkestsouls:beast_patient":1,"minecraft:cow":3}},"DataVersion":3465}