{"stats":{"minecraft:picked_up":{"minecraft:crafting_table":5,"simplehats:eyeholder_beeholder":1,"minecraft:ladder":4,"minecraft:flower_pot":3,"minecraft:leather":2,"minecraft:wooden_pickaxe":2,"minecraft:potato":1,"minecraft:oak_log":15,"minecraft:shield":1,"darkestsouls:beast_blood_clump":2,"minecraft:string":12,"minecraft:bone":5,"minecraft:cracked_stone_bricks":5,"minecraft:wheat_seeds":10,"minecraft:beef":3,"minecraft:stone_pickaxe":2,"minecraft:poppy":2,"simplehats:hatbag_uncommon":2,"minecraft:chest":1,"minecraft:iron_sword":2,"minecraft:oak_planks":34,"minecraft:egg":2,"minecraft:furnace":1,"minecraft:stick":6,"minecraft:raw_iron":8,"simplehats:dwarfminerbeard":1,"simplehats:hatbag_common":1,"minecraft:torch":12,"pointblank:gunmetal_nugget":20,"minecraft:stone_sword":2,"minecraft:arrow":2,"minecraft:cactus":3,"simplehats:brownbrick":2,"minecraft:rotten_flesh":8,"minecraft:coal":12,"minecraft:white_wool":1,"minecraft:cobblestone":34,"minecraft:oxeye_daisy":1},"minecraft:mined":{"minecraft:potted_cactus":1,"minecraft:blue_stained_glass":8,"minecraft:crafting_table":4,"gravestone:gravestone":2,"minecraft:ladder":2,"minecraft:gray_stained_glass":6,"minecraft:chest":1,"minecraft:white_stained_glass":1,"minecraft:tall_grass":3,"minecraft:oak_planks":3,"minecraft:furnace":1,"minecraft:iron_ore":4,"minecraft:grass":3,"minecraft:oak_log":15,"minecraft:coal_ore":10,"minecraft:cobweb":5,"minecraft:cracked_stone_bricks":2,"minecraft:stone":20,"minecraft:oak_leaves":1},"minecraft:killed_by":{"minecraft:player":1},"minecraft:dropped":{"minecraft:cobblestone":14,"pointblank:gunmetal_nugget":1,"minecraft:shield":1,"simplehats:hatbag_common":1,"simplehats:hatbag_uncommon":1,"simplehats:brownbrick":1,"gravestone:obituary":2,"minecraft:arrow":1,"minecraft:egg":1},"minecraft:custom":{"minecraft:interact_with_furnace":5,"minecraft:mob_kills":16,"minecraft:interact_with_crafting_table":14,"minecraft:leave_game":2,"minecraft:time_since_death":1014,"minecraft:climb_one_cm":22108,"minecraft:time_since_rest":1036,"minecraft:sprint_one_cm":192628,"minecraft:damage_taken":3583,"minecraft:walk_one_cm":227562,"minecraft:damage_blocked_by_shield":480,"minecraft:drop":10,"minecraft:damage_dealt":3701,"minecraft:swim_one_cm":992,"minecraft:fly_one_cm":253004,"minecraft:player_kills":1,"minecraft:open_chest":21,"minecraft:play_time":65853,"minecraft:deaths":8,"minecraft:sneak_time":922,"minecraft:walk_under_water_one_cm":567,"minecraft:jump":940,"minecraft:walk_on_water_one_cm":1261,"minecraft:total_world_time":65853,"minecraft:fall_one_cm":13241},"minecraft:crafted":{"minecraft:oak_planks":52,"minecraft:crafting_table":2,"minecraft:wooden_pickaxe":1,"minecraft:iron_sword":1,"minecraft:air":0,"minecraft:white_wool":1,"minecraft:shield":2,"minecraft:stick":16,"minecraft:iron_ingot":4,"minecraft:stone_pickaxe":1,"minecraft:stone_sword":1,"minecraft:chest":3,"minecraft:torch":28},"minecraft:used":{"minecraft:stone_sword":20,"minecraft:stone_pickaxe":39,"minecraft:oak_planks":1,"minecraft:ladder":2,"minecraft:shield":7,"minecraft:chest":4,"minecraft:wooden_pickaxe":3,"minecraft:iron_sword":58,"minecraft:rotten_flesh":5,"minecraft:cracked_stone_bricks":1,"minecraft:torch":16,"minecraft:crafting_table":6,"minecraft:oak_log":2,"the_flesh_that_hates:plaqueincubatorone_spawn_egg":1,"minecraft:furnace":1,"minecraft:cooked_porkchop":11,"minecraft:potato":1},"minecraft:killed":{"hordes:zombie_player":4,"minecraft:spider":1,"minecraft:zombie_horse":1,"minecraft:skeleton":1,"minecraft:zombie":6,"darkestsouls:beast_patient":1,"minecraft:cow":2}},"DataVersion":3465}