{"stats":{"minecraft:picked_up":{"minecraft:wooden_axe":1,"minecraft:crafting_table":6,"simplehats:eyeholder_beeholder":1,"minecraft:wheat":2,"minecraft:ladder":5,"cgm:basic_bullet":630,"minecraft:exposed_copper":17,"simplehats:hatbag_rare":1,"minecraft:flower_pot":6,"minecraft:smithing_table":1,"minecraft:wooden_pickaxe":3,"minecraft:enchanted_book":1,"minecraft:shield":1,"simplehats:clockface":1,"darkestsouls:beast_blood_clump":3,"minecraft:string":21,"minecraft:raw_copper":89,"minecraft:cracked_stone_bricks":6,"simplehats:redeyes":1,"cgm:mini_gun":1,"minecraft:spruce_planks":9,"minecraft:beef":17,"minecraft:poppy":4,"minecraft:chest":3,"cgm:advanced_bullet":128,"minecraft:mangrove_log":4,"minecraft:furnace":1,"minecraft:egg":5,"minecraft:stick":12,"minecraft:raw_iron":12,"simplehats:dwarfminerbeard":1,"minecraft:raw_gold_block":4,"simplehats:hatbag_common":2,"minecraft:torch":27,"simplehats:sonichood":1,"pointblank:gunmetal_nugget":51,"tacz:attachment":2,"minecraft:dark_oak_planks":2,"bloomingnature:chestnut_log":7,"minecraft:mangrove_stairs":1,"minecraft:quartz_block":24,"minecraft:arrow":6,"minecraft:stone_sword":4,"simplehats:floatingstar":1,"minecraft:cactus":4,"minecraft:rotten_flesh":14,"cgm:assault_rifle":1,"simplehats:paypay":1,"minecraft:cyan_terracotta":31,"minecraft:mutton":6,"minecraft:stripped_oak_log":2,"minecraft:white_wool":6,"minecraft:cobblestone":179,"minecraft:oxeye_daisy":3,"minecraft:iron_door":2,"minecraft:water_bucket":1,"minecraft:salmon":4,"minecraft:leather":12,"minecraft:yellow_dye":1,"bloomingnature:swamp_oak_planks":2,"minecraft:potato":1,"darkestsouls:cinnabar":124,"minecraft:oak_log":21,"jeg:scrap":24,"minecraft:gunpowder":12,"minecraft:dirt":75,"the_flesh_that_hates:piece_of_flesh":5,"spartanweaponry:iron_rapier":1,"minecraft:name_tag":1,"minecraft:bone":15,"minecraft:glass":256,"minecraft:apple":1,"minecraft:wheat_seeds":15,"minecraft:stone_pickaxe":3,"simplehats:hatbag_uncommon":2,"minecraft:bamboo":1,"jeg:tech_trash":1,"minecraft:iron_sword":4,"minecraft:oak_planks":41,"minecraft:black_candle":1,"cgm:rifle":1,"minecraft:weathered_copper":1,"minecraft:barrel":2,"minecraft:lily_of_the_valley":1,"minecraft:dark_oak_log":26,"simplehats:baby_crewmate":1,"simplehats:brownbrick":3,"simplehats:foxhat":1,"horror_element_mod:blood_2":1,"simplehats:cardboard_box":1,"tacz:modern_kinetic_gun":6,"minecraft:soul_lantern":1,"bloomingnature:swamp_oak_log":46,"minecraft:oak_sapling":2,"minecraft:coal":33,"minecraft:hopper":10},"minecraft:killed_by":{"minecraft:player":1},"minecraft:mined":{"minecraft:dark_oak_planks":2,"minecraft:spruce_planks":9,"minecraft:dark_oak_log":23,"minecraft:potted_cactus":1,"gravestone:gravestone":2,"minecraft:ladder":2,"minecraft:grass_block":6,"minecraft:weathered_copper":1,"minecraft:white_stained_glass":5,"minecraft:exposed_cut_copper_stairs":1,"horror_element_mod:blood_2":1,"minecraft:potted_bamboo":1,"minecraft:hopper":10,"minecraft:oxeye_daisy":2,"minecraft:large_fern":1,"minecraft:furnace":1,"minecraft:raw_gold_block":4,"minecraft:iron_ore":8,"minecraft:barrel":2,"bloomingnature:swamp_oak_leaves":1,"minecraft:vine":3,"minecraft:stripped_oak_log":2,"minecraft:stone":157,"minecraft:smithing_table":1,"minecraft:mangrove_stairs":1,"jeg:scrap_ore":7,"bloomingnature:chestnut_log":7,"minecraft:quartz_block":24,"minecraft:cyan_terracotta":35,"minecraft:exposed_copper":17,"bloomingnature:swamp_oak_planks":2,"minecraft:lily_of_the_valley":1,"minecraft:blue_stained_glass":8,"minecraft:crafting_table":4,"minecraft:torch":1,"minecraft:gray_stained_glass":6,"minecraft:chest":3,"minecraft:glass":5,"minecraft:tall_grass":14,"minecraft:copper_ore":24,"minecraft:cobblestone":1,"minecraft:potted_oak_sapling":2,"minecraft:oak_planks":4,"minecraft:iron_door":1,"minecraft:wall_torch":1,"bloomingnature:swamp_oak_log":48,"minecraft:grass":14,"minecraft:oak_log":21,"minecraft:coal_ore":23,"darkestsouls:cinnabar_ore":83,"minecraft:dirt":69,"minecraft:cobweb":5,"minecraft:cracked_stone_bricks":2,"minecraft:oak_leaves":4,"minecraft:fern":2},"minecraft:dropped":{"minecraft:cobblestone":14,"horror_element_mod:blood_2":1,"minecraft:oxeye_daisy":1,"tacz:modern_kinetic_gun":3,"gravestone:obituary":3,"minecraft:white_wool":1,"minecraft:bone":1,"darkestsouls:beast_blood_clump":1,"pointblank:gunmetal_nugget":1,"minecraft:shield":1,"minecraft:flower_pot":1,"simplehats:hatbag_common":1,"simplehats:hatbag_uncommon":1,"simplehats:brownbrick":1,"minecraft:arrow":1,"minecraft:glass":256,"minecraft:egg":1},"minecraft:custom":{"minecraft:interact_with_smithing_table":8,"minecraft:interact_with_anvil":6,"minecraft:mob_kills":41,"minecraft:interact_with_crafting_table":49,"minecraft:open_barrel":5,"minecraft:leave_game":4,"minecraft:time_since_death":153303,"minecraft:climb_one_cm":28488,"minecraft:sprint_one_cm":513721,"minecraft:walk_one_cm":552140,"minecraft:damage_blocked_by_shield":480,"minecraft:drop":24,"minecraft:play_time":233915,"minecraft:deaths":9,"minecraft:sneak_time":6226,"minecraft:walk_under_water_one_cm":3665,"minecraft:jump":2683,"minecraft:walk_on_water_one_cm":5737,"minecraft:total_world_time":233915,"minecraft:interact_with_furnace":29,"minecraft:sleep_in_bed":6,"minecraft:time_since_rest":4994,"minecraft:damage_taken":6015,"minecraft:damage_absorbed":40,"minecraft:damage_dealt":7895,"minecraft:player_kills":1,"minecraft:swim_one_cm":17283,"minecraft:fly_one_cm":662327,"minecraft:open_chest":207,"minecraft:fall_one_cm":68207},"minecraft:crafted":{"bloomingnature:chestnut_planks":28,"minecraft:oak_planks":60,"minecraft:dark_oak_wood":3,"minecraft:furnace":2,"minecraft:cooked_mutton":5,"minecraft:iron_boots":1,"minecraft:stone_pickaxe":2,"minecraft:chest":5,"minecraft:dark_oak_planks":44,"cgm:workbench":1,"minecraft:cooked_beef":6,"minecraft:crafting_table":4,"bloomingnature:swamp_oak_wood":6,"minecraft:wooden_pickaxe":1,"minecraft:iron_helmet":1,"minecraft:iron_sword":1,"bloomingnature:swamp_oak_planks":140,"tacz:gun_smith_table":1,"minecraft:copper_ingot":60,"minecraft:oak_wood":3,"minecraft:stone_axe":1,"minecraft:air":0,"minecraft:white_wool":1,"minecraft:iron_chestplate":1,"minecraft:charcoal":2,"minecraft:shield":2,"minecraft:raw_gold":36,"minecraft:stick":20,"minecraft:iron_ingot":4,"minecraft:iron_pickaxe":1,"minecraft:iron_block":4,"minecraft:stone_sword":1,"minecraft:gold_ingot":3,"minecraft:iron_leggings":1,"minecraft:anvil":1,"minecraft:torch":40},"minecraft:used":{"minecraft:stone_sword":95,"minecraft:redstone":1,"minecraft:ladder":2,"tacz:gun_smith_table":1,"minecraft:chest":7,"minecraft:spruce_planks":3,"minecraft:shield":7,"minecraft:iron_sword":58,"minecraft:rotten_flesh":8,"minecraft:torch":30,"minecraft:dirt":62,"minecraft:anvil":1,"cgm:workbench":1,"minecraft:dark_oak_planks":15,"minecraft:wooden_axe":12,"the_flesh_that_hates:plaqueincubatorone_spawn_egg":1,"minecraft:mangrove_stairs":1,"minecraft:iron_helmet":1,"minecraft:iron_boots":1,"minecraft:barrel":2,"minecraft:furnace":3,"bloomingnature:swamp_oak_planks":77,"minecraft:cooked_beef":1,"minecraft:potato":1,"minecraft:cooked_mutton":2,"minecraft:stone_pickaxe":211,"minecraft:oak_planks":9,"minecraft:wooden_pickaxe":3,"minecraft:cracked_stone_bricks":1,"minecraft:golden_apple":1,"minecraft:crafting_table":8,"minecraft:white_bed":1,"minecraft:oak_log":2,"minecraft:flower_pot":1,"minecraft:apple":1,"minecraft:iron_pickaxe":216,"cgm:assault_rifle":20,"minecraft:soul_lantern":1,"minecraft:stone_axe":106,"minecraft:cobblestone":85,"minecraft:cooked_porkchop":36,"minecraft:smithing_table":1,"minecraft:black_candle":1},"minecraft:broken":{"minecraft:stone_pickaxe":1},"minecraft:killed":{"bloomingnature:deer":1,"hordes:zombie_player":5,"the_flesh_that_hates:flesh_dog":1,"minecraft:spider":2,"minecraft:zombie_horse":1,"minecraft:skeleton":3,"the_flesh_that_hates:plaquecontaminator":1,"darkestsouls:beast_patient":1,"the_flesh_that_hates:flesh_hunter_two":1,"the_flesh_that_hates:plaquethreelegcreature":1,"minecraft:sheep":4,"minecraft:zombie":11,"darkestsouls:cloaked_beast_patient":1,"minecraft:cow":8}},"DataVersion":3465}