{"stats":{"minecraft:mined":{"minecraft:grass":3,"gravestone:gravestone":1},"minecraft:picked_up":{"simplehats:eyeholder_beeholder":1,"minecraft:egg":2},"minecraft:used":{"the_flesh_that_hates:plaqueincubatorone_spawn_egg":1},"minecraft:custom":{"minecraft:jump":426,"minecraft:time_since_rest":19833,"minecraft:leave_game":1,"minecraft:walk_on_water_one_cm":81,"minecraft:sprint_one_cm":59347,"minecraft:play_time":19833,"minecraft:damage_taken":40,"minecraft:time_since_death":19833,"minecraft:walk_one_cm":25830,"minecraft:sneak_time":281,"minecraft:total_world_time":19833,"minecraft:walk_under_water_one_cm":80,"minecraft:swim_one_cm":992,"minecraft:drop":1,"minecraft:fall_one_cm":2387,"minecraft:fly_one_cm":182229},"minecraft:dropped":{"minecraft:egg":1}},"DataVersion":3465}