{"stats":{"minecraft:dropped":{"minecraft:iron_ingot":332,"minecraft:oak_slab":1,"minecraft:cooked_porkchop":39,"cgm:mini_gun":1,"minecraft:cobblestone":14,"minecraft:gold_block":64,"minecraft:oxeye_daisy":1,"horror_element_mod:blood_2":1,"minecraft:dirt":5,"minecraft:milk_bucket":1,"minecraft:iron_leggings":1,"gravestone:obituary":3,"tacz:modern_kinetic_gun":3,"securitycraft:sc_manual":1,"minecraft:dark_oak_planks":12,"minecraft:white_wool":1,"minecraft:bone":1,"simplehats:hatbag_rare":1,"darkestsouls:beast_blood_clump":1,"pointblank:gunmetal_nugget":5,"minecraft:shield":1,"minecraft:flower_pot":1,"cgm:basic_bullet":128,"simplehats:hatbag_common":4,"simplehats:hatbag_uncommon":3,"simplehats:brownbrick":1,"minecraft:arrow":1,"minecraft:bow":1,"minecraft:glass":256,"simplehats:hatbag_epic":1,"minecraft:egg":1},"minecraft:crafted":{"bloomingnature:chestnut_planks":28,"minecraft:oak_planks":716,"minecraft:cobblestone_slab":48,"minecraft:dark_oak_wood":3,"minecraft:furnace":2,"minecraft:cooked_mutton":5,"minecraft:iron_boots":1,"minecraft:iron_axe":1,"minecraft:ladder":15,"minecraft:stone_pickaxe":2,"minecraft:chest":51,"bloomingnature:swamp_oak_slab":168,"minecraft:dark_oak_planks":44,"cgm:workbench":1,"minecraft:cooked_beef":6,"minecraft:oak_slab":132,"minecraft:crafting_table":5,"minecraft:wooden_pickaxe":1,"minecraft:iron_helmet":1,"bloomingnature:swamp_oak_wood":6,"bloomingnature:swamp_oak_planks":292,"minecraft:iron_sword":1,"tacz:gun_smith_table":1,"minecraft:copper_ingot":12049,"minecraft:oak_wood":3,"minecraft:stone_axe":4,"minecraft:air":0,"minecraft:dark_oak_slab":30,"minecraft:white_wool":1,"minecraft:iron_chestplate":1,"minecraft:charcoal":2,"minecraft:shield":2,"minecraft:raw_gold":36,"minecraft:stick":76,"minecraft:iron_ingot":3981,"minecraft:iron_pickaxe":2,"minecraft:iron_block":4,"minecraft:stone_sword":1,"minecraft:iron_leggings":1,"minecraft:gold_ingot":4619,"minecraft:anvil":1,"minecraft:torch":40},"minecraft:custom":{"minecraft:interact_with_smithing_table":8,"minecraft:interact_with_anvil":6,"minecraft:mob_kills":97,"minecraft:interact_with_crafting_table":63,"minecraft:open_barrel":13,"minecraft:leave_game":7,"minecraft:time_since_death":318045,"minecraft:climb_one_cm":43874,"minecraft:sprint_one_cm":748137,"minecraft:walk_one_cm":1060081,"minecraft:damage_blocked_by_shield":480,"minecraft:drop":71,"minecraft:play_time":398657,"minecraft:sneak_time":13706,"minecraft:deaths":9,"minecraft:walk_under_water_one_cm":10801,"minecraft:jump":3835,"minecraft:walk_on_water_one_cm":8638,"minecraft:total_world_time":398657,"minecraft:interact_with_furnace":32,"minecraft:sleep_in_bed":12,"minecraft:time_since_rest":36369,"minecraft:damage_taken":6253,"minecraft:damage_absorbed":40,"minecraft:damage_dealt":8307,"minecraft:player_kills":1,"minecraft:swim_one_cm":33405,"minecraft:fly_one_cm":840792,"minecraft:open_chest":342,"minecraft:crouch_one_cm":20945,"minecraft:fall_one_cm":96681},"minecraft:killed":{"bloomingnature:deer":1,"hordes:zombie_player":5,"minecraft:spider":2,"the_flesh_that_hates:flesh_dog":1,"minecraft:zombie_horse":1,"minecraft:skeleton":3,"darkestsouls:hollow_broken_straightsword":1,"the_flesh_that_hates:plaquecontaminator":1,"darkestsouls:beast_patient":1,"the_flesh_that_hates:flesh_hunter_two":1,"the_flesh_that_hates:plaquethreelegcreature":1,"darkestsouls:hollow_longsword":1,"minecraft:zombie_villager":15,"minecraft:sheep":4,"minecraft:pillager":2,"minecraft:zombie":48,"darkestsouls:cloaked_beast_patient":1,"minecraft:cow":8},"minecraft:used":{"minecraft:stone_sword":95,"minecraft:armor_stand":3,"securitycraft:keypad_chest":21,"minecraft:redstone":42,"minecraft:ladder":25,"minecraft:chest":61,"minecraft:spruce_planks":3,"tacz:gun_smith_table":1,"minecraft:shield":7,"minecraft:iron_sword":58,"securitycraft:keypad_door_item":2,"minecraft:rotten_flesh":8,"minecraft:torch":30,"minecraft:dirt":64,"minecraft:anvil":1,"cgm:workbench":1,"minecraft:dark_oak_planks":15,"minecraft:glass":8,"minecraft:wooden_axe":12,"the_flesh_that_hates:plaqueincubatorone_spawn_egg":1,"minecraft:mangrove_stairs":1,"minecraft:iron_axe":150,"minecraft:iron_helmet":1,"minecraft:iron_boots":1,"minecraft:barrel":2,"minecraft:furnace":3,"minecraft:potato":2,"bloomingnature:swamp_oak_planks":211,"minecraft:cooked_beef":1,"bloomingnature:swamp_oak_slab":170,"minecraft:cooked_mutton":2,"minecraft:stone_pickaxe":237,"minecraft:oak_planks":101,"minecraft:copper_block":1,"minecraft:wooden_pickaxe":3,"securitycraft:keypad_barrel":55,"minecraft:cracked_stone_bricks":1,"minecraft:golden_apple":1,"securitycraft:reinforced_sticky_piston":4,"minecraft:oak_slab":132,"minecraft:crafting_table":9,"minecraft:white_bed":1,"minecraft:sticky_piston":9,"minecraft:redstone_torch":8,"minecraft:oak_log":15,"minecraft:flower_pot":1,"minecraft:apple":1,"minecraft:dark_oak_log":3,"minecraft:iron_pickaxe":331,"minecraft:oak_pressure_plate":5,"cgm:assault_rifle":328,"minecraft:soul_lantern":1,"minecraft:stone_axe":154,"minecraft:cobblestone":85,"minecraft:smithing_table":1,"minecraft:cooked_porkchop":44,"minecraft:black_candle":1,"minecraft:stripped_oak_log":2},"minecraft:broken":{"minecraft:stone_pickaxe":1,"minecraft:stone_axe":1,"minecraft:iron_pickaxe":1},"minecraft:mined":{"minecraft:dark_oak_planks":2,"minecraft:spruce_planks":9,"minecraft:dark_oak_log":24,"minecraft:potted_cactus":1,"minecraft:ladder":2,"gravestone:gravestone":2,"minecraft:grass_block":9,"minecraft:weathered_copper":1,"minecraft:white_stained_glass":5,"minecraft:exposed_cut_copper_stairs":1,"bloomingnature:swamp_oak_slab":1,"horror_element_mod:blood_2":1,"minecraft:potted_bamboo":1,"minecraft:hopper":10,"minecraft:oxeye_daisy":2,"minecraft:large_fern":7,"minecraft:furnace":1,"minecraft:raw_gold_block":4,"minecraft:iron_ore":8,"minecraft:sticky_piston":5,"minecraft:barrel":2,"minecraft:anvil":1,"bloomingnature:swamp_oak_leaves":1,"minecraft:vine":3,"minecraft:stripped_oak_log":17,"minecraft:stone":274,"bloomingnature:bluebell":1,"minecraft:smithing_table":1,"minecraft:oak_slab":6,"minecraft:light_gray_carpet":11,"minecraft:cyan_terracotta":35,"minecraft:mangrove_stairs":1,"jeg:scrap_ore":7,"bloomingnature:chestnut_log":7,"minecraft:quartz_block":24,"minecraft:exposed_copper":17,"minecraft:lily_of_the_valley":1,"bloomingnature:swamp_oak_planks":10,"minecraft:smoker":1,"minecraft:blue_stained_glass":8,"minecraft:crafting_table":6,"minecraft:torch":1,"minecraft:blast_furnace":1,"minecraft:gray_stained_glass":6,"minecraft:chest":11,"minecraft:copper_ore":24,"minecraft:tall_grass":20,"minecraft:glass":5,"minecraft:cobblestone":8,"minecraft:potted_oak_sapling":2,"minecraft:oak_planks":7,"minecraft:iron_door":1,"minecraft:wall_torch":1,"bloomingnature:swamp_oak_log":88,"minecraft:cobblestone_wall":1,"minecraft:tnt":2,"minecraft:copper_block":1,"minecraft:grass":22,"minecraft:coal_ore":30,"minecraft:oak_log":113,"darkestsouls:cinnabar_ore":83,"minecraft:dirt":78,"minecraft:cobweb":5,"minecraft:cracked_stone_bricks":2,"minecraft:oak_leaves":6,"minecraft:fern":3},"minecraft:picked_up":{"minecraft:wooden_axe":1,"minecraft:exposed_copper":17,"minecraft:crafting_table":8,"simplehats:eyeholder_beeholder":1,"minecraft:wheat":2,"minecraft:flower_pot":6,"cgm:basic_bullet":630,"minecraft:ladder":11,"simplehats:hatbag_rare":3,"minecraft:anvil":1,"minecraft:leather_leggings":1,"minecraft:smithing_table":1,"minecraft:wooden_pickaxe":3,"minecraft:gold_block":72,"minecraft:enchanted_book":3,"simplehats:clockface":1,"minecraft:shield":1,"darkestsouls:beast_blood_clump":3,"minecraft:string":21,"minecraft:raw_copper":89,"zombie_more:acid_drool":1,"minecraft:sticky_piston":5,"bloomingnature:swamp_oak_slab":2,"minecraft:cracked_stone_bricks":6,"minecraft:comparator":1,"simplehats:redeyes":1,"minecraft:spruce_planks":9,"cgm:mini_gun":1,"minecraft:beef":17,"minecraft:redstone_torch":1,"minecraft:poppy":4,"minecraft:iron_pickaxe":1,"minecraft:chest":11,"cgm:advanced_bullet":128,"minecraft:mangrove_log":4,"minecraft:furnace":1,"minecraft:egg":5,"minecraft:raw_iron":12,"minecraft:stick":12,"simplehats:dwarfminerbeard":1,"minecraft:raw_gold_block":4,"simplehats:hatbag_common":7,"simplehats:penguinhat":1,"minecraft:copper_ingot":8,"minecraft:torch":27,"simplehats:sonichood":1,"pointblank:gunmetal_nugget":135,"tacz:attachment":2,"minecraft:redstone":7,"simplehats:bigcrown":1,"minecraft:dark_oak_planks":2,"bloomingnature:chestnut_log":7,"minecraft:tnt":2,"minecraft:quartz_block":24,"minecraft:cactus":4,"minecraft:stone_sword":4,"simplehats:floatingstar":1,"minecraft:arrow":6,"minecraft:mangrove_stairs":1,"minecraft:rotten_flesh":106,"cgm:assault_rifle":1,"simplehats:dumhat":1,"minecraft:iron_block":20,"simplehats:paypay":1,"minecraft:cyan_terracotta":31,"minecraft:gold_ingot":6,"minecraft:mutton":6,"minecraft:white_wool":6,"minecraft:cobblestone":303,"minecraft:oxeye_daisy":3,"minecraft:stripped_oak_log":17,"minecraft:tripwire_hook":2,"minecraft:iron_door":2,"minecraft:water_bucket":1,"minecraft:salmon":4,"minecraft:leather":12,"minecraft:yellow_dye":1,"minecraft:copper_block":35,"bloomingnature:swamp_oak_planks":10,"minecraft:potato":3,"securitycraft:sc_manual":1,"darkestsouls:cinnabar":124,"minecraft:oak_log":120,"jeg:scrap":24,"minecraft:cobblestone_wall":1,"minecraft:gunpowder":12,"minecraft:dirt":87,"minecraft:name_tag":1,"spartanweaponry:iron_rapier":2,"simplehats:hatbag_epic":2,"the_flesh_that_hates:piece_of_flesh":5,"minecraft:glass":256,"minecraft:bone":15,"bloomingnature:bluebell":1,"minecraft:apple":1,"minecraft:wheat_seeds":15,"minecraft:iron_ingot":7,"minecraft:stone_pickaxe":3,"simplehats:hatbag_uncommon":8,"simplehats:toptophathat":1,"minecraft:bamboo":1,"simplehats:spyzombie":1,"minecraft:oak_planks":44,"minecraft:iron_sword":4,"jeg:tech_trash":3,"minecraft:book":20,"minecraft:oak_slab":5,"simplehats:rock":1,"minecraft:black_candle":1,"cgm:rifle":1,"simplehats:shroomcap":1,"minecraft:weathered_copper":1,"minecraft:blast_furnace":1,"minecraft:lily_of_the_valley":1,"minecraft:dark_oak_log":26,"minecraft:barrel":2,"simplehats:baby_crewmate":1,"minecraft:firework_rocket":20,"simplehats:brownbrick":3,"simplehats:foxhat":1,"horror_element_mod:blood_2":1,"simplehats:cardboard_box":1,"tacz:modern_kinetic_gun":6,"bloomingnature:swamp_oak_log":84,"minecraft:soul_lantern":1,"simplehats:thumbnail":1,"minecraft:oak_sapling":2,"minecraft:light_gray_carpet":11,"minecraft:coal":43,"minecraft:hopper":10},"minecraft:killed_by":{"minecraft:player":1}},"DataVersion":3465}