{"stats":{"minecraft:picked_up":{"minecraft:crafting_table":5,"simplehats:eyeholder_beeholder":1,"minecraft:ladder":5,"simplehats:hatbag_rare":1,"minecraft:flower_pot":5,"minecraft:wooden_pickaxe":2,"minecraft:shield":1,"simplehats:clockface":1,"darkestsouls:beast_blood_clump":3,"minecraft:string":15,"minecraft:cracked_stone_bricks":6,"simplehats:redeyes":1,"minecraft:spruce_planks":9,"minecraft:beef":7,"minecraft:poppy":3,"minecraft:chest":2,"minecraft:furnace":1,"minecraft:egg":2,"minecraft:raw_iron":12,"minecraft:stick":12,"simplehats:dwarfminerbeard":1,"simplehats:hatbag_common":1,"minecraft:torch":26,"simplehats:sonichood":1,"pointblank:gunmetal_nugget":45,"bloomingnature:chestnut_log":7,"minecraft:cactus":4,"minecraft:stone_sword":4,"simplehats:floatingstar":1,"minecraft:arrow":6,"minecraft:rotten_flesh":14,"minecraft:mutton":5,"minecraft:white_wool":5,"minecraft:cobblestone":158,"minecraft:oxeye_daisy":2,"minecraft:stripped_oak_log":2,"minecraft:iron_door":1,"minecraft:leather":5,"minecraft:potato":1,"minecraft:oak_log":21,"jeg:scrap":15,"minecraft:dirt":62,"spartanweaponry:iron_rapier":1,"minecraft:bone":6,"minecraft:wheat_seeds":11,"minecraft:stone_pickaxe":3,"simplehats:hatbag_uncommon":2,"minecraft:iron_sword":4,"minecraft:oak_planks":39,"jeg:tech_trash":1,"minecraft:lily_of_the_valley":1,"minecraft:dark_oak_log":2,"simplehats:baby_crewmate":1,"simplehats:brownbrick":3,"horror_element_mod:blood_2":1,"simplehats:foxhat":1,"bloomingnature:swamp_oak_log":35,"minecraft:oak_sapling":1,"minecraft:coal":26},"minecraft:killed_by":{"minecraft:player":1},"minecraft:mined":{"minecraft:spruce_planks":9,"minecraft:dark_oak_log":2,"minecraft:potted_cactus":1,"minecraft:ladder":2,"gravestone:gravestone":2,"minecraft:grass_block":2,"minecraft:white_stained_glass":5,"horror_element_mod:blood_2":1,"minecraft:oxeye_daisy":1,"minecraft:large_fern":1,"minecraft:furnace":1,"minecraft:iron_ore":8,"bloomingnature:swamp_oak_leaves":1,"minecraft:stripped_oak_log":2,"minecraft:stone":135,"jeg:scrap_ore":7,"bloomingnature:chestnut_log":7,"minecraft:lily_of_the_valley":1,"minecraft:blue_stained_glass":8,"minecraft:crafting_table":4,"minecraft:torch":1,"minecraft:gray_stained_glass":6,"minecraft:chest":2,"minecraft:glass":1,"minecraft:tall_grass":11,"minecraft:cobblestone":1,"minecraft:potted_oak_sapling":1,"minecraft:oak_planks":4,"minecraft:wall_torch":1,"bloomingnature:swamp_oak_log":37,"minecraft:grass":12,"minecraft:coal_ore":22,"minecraft:oak_log":21,"minecraft:dirt":60,"minecraft:cobweb":5,"minecraft:cracked_stone_bricks":2,"minecraft:oak_leaves":1,"minecraft:fern":2},"minecraft:dropped":{"minecraft:cobblestone":14,"horror_element_mod:blood_2":1,"minecraft:oxeye_daisy":1,"gravestone:obituary":3,"minecraft:white_wool":1,"minecraft:bone":1,"darkestsouls:beast_blood_clump":1,"pointblank:gunmetal_nugget":1,"minecraft:shield":1,"minecraft:flower_pot":1,"simplehats:hatbag_common":1,"simplehats:hatbag_uncommon":1,"simplehats:brownbrick":1,"minecraft:arrow":1,"minecraft:egg":1},"minecraft:custom":{"minecraft:interact_with_anvil":3,"minecraft:mob_kills":30,"minecraft:interact_with_crafting_table":23,"minecraft:open_barrel":1,"minecraft:leave_game":2,"minecraft:time_since_death":68087,"minecraft:climb_one_cm":27196,"minecraft:sprint_one_cm":336709,"minecraft:walk_one_cm":410309,"minecraft:damage_blocked_by_shield":480,"minecraft:drop":17,"minecraft:play_time":148699,"minecraft:deaths":9,"minecraft:sneak_time":5238,"minecraft:walk_under_water_one_cm":2805,"minecraft:jump":1654,"minecraft:walk_on_water_one_cm":5183,"minecraft:total_world_time":148699,"minecraft:interact_with_furnace":12,"minecraft:sleep_in_bed":1,"minecraft:time_since_rest":9455,"minecraft:damage_taken":4998,"minecraft:damage_absorbed":40,"minecraft:damage_dealt":6559,"minecraft:swim_one_cm":8888,"minecraft:fly_one_cm":369866,"minecraft:player_kills":1,"minecraft:open_chest":82,"minecraft:fall_one_cm":30439},"minecraft:crafted":{"bloomingnature:chestnut_planks":28,"minecraft:oak_planks":60,"minecraft:furnace":2,"minecraft:cooked_mutton":2,"minecraft:iron_boots":1,"minecraft:stone_pickaxe":2,"minecraft:chest":5,"minecraft:cooked_beef":4,"minecraft:crafting_table":4,"minecraft:wooden_pickaxe":1,"minecraft:iron_helmet":1,"minecraft:iron_sword":1,"bloomingnature:swamp_oak_planks":140,"minecraft:stone_axe":1,"minecraft:air":0,"minecraft:white_wool":1,"minecraft:iron_chestplate":1,"minecraft:shield":2,"minecraft:stick":20,"minecraft:iron_pickaxe":1,"minecraft:iron_ingot":4,"minecraft:iron_block":3,"minecraft:stone_sword":1,"minecraft:iron_leggings":1,"minecraft:anvil":1,"minecraft:torch":40},"minecraft:used":{"minecraft:stone_sword":72,"minecraft:redstone":1,"minecraft:ladder":2,"minecraft:chest":7,"minecraft:spruce_planks":3,"minecraft:shield":7,"minecraft:iron_sword":58,"minecraft:rotten_flesh":8,"minecraft:torch":30,"minecraft:dirt":62,"minecraft:anvil":1,"the_flesh_that_hates:plaqueincubatorone_spawn_egg":1,"minecraft:iron_helmet":1,"minecraft:furnace":3,"minecraft:cooked_beef":1,"bloomingnature:swamp_oak_planks":75,"minecraft:potato":1,"minecraft:cooked_mutton":2,"minecraft:stone_pickaxe":181,"minecraft:oak_planks":9,"minecraft:wooden_pickaxe":3,"minecraft:cracked_stone_bricks":1,"minecraft:golden_apple":1,"minecraft:crafting_table":8,"minecraft:white_bed":1,"minecraft:oak_log":2,"minecraft:stone_axe":66,"minecraft:cobblestone":85,"minecraft:cooked_porkchop":20},"minecraft:broken":{"minecraft:stone_pickaxe":1},"minecraft:killed":{"bloomingnature:deer":1,"hordes:zombie_player":4,"minecraft:spider":2,"minecraft:zombie_horse":1,"minecraft:skeleton":3,"darkestsouls:beast_patient":1,"minecraft:sheep":3,"minecraft:zombie":11,"darkestsouls:cloaked_beast_patient":1,"minecraft:cow":3}},"DataVersion":3465}