{"stats":{"minecraft:dropped":{"minecraft:iron_ingot":332,"minecraft:oak_slab":1,"minecraft:cooked_porkchop":39,"cgm:mini_gun":1,"minecraft:cobblestone":14,"minecraft:gold_block":64,"horror_element_mod:blood_2":1,"minecraft:oxeye_daisy":1,"minecraft:dirt":5,"minecraft:iron_leggings":1,"gravestone:obituary":3,"tacz:modern_kinetic_gun":3,"securitycraft:sc_manual":1,"minecraft:dark_oak_planks":12,"minecraft:white_wool":1,"minecraft:bone":1,"simplehats:hatbag_rare":1,"darkestsouls:beast_blood_clump":1,"pointblank:gunmetal_nugget":5,"minecraft:shield":1,"minecraft:flower_pot":1,"cgm:basic_bullet":128,"simplehats:hatbag_common":4,"simplehats:hatbag_uncommon":3,"simplehats:brownbrick":1,"minecraft:bow":1,"minecraft:arrow":1,"minecraft:glass":256,"simplehats:hatbag_epic":1,"minecraft:egg":1},"minecraft:crafted":{"bloomingnature:chestnut_planks":28,"minecraft:oak_planks":424,"minecraft:cobblestone_slab":48,"minecraft:dark_oak_wood":3,"minecraft:furnace":2,"minecraft:cooked_mutton":5,"minecraft:iron_boots":1,"minecraft:iron_axe":1,"minecraft:ladder":9,"minecraft:stone_pickaxe":2,"minecraft:chest":20,"bloomingnature:swamp_oak_slab":168,"minecraft:dark_oak_planks":44,"cgm:workbench":1,"minecraft:cooked_beef":6,"minecraft:oak_slab":132,"minecraft:crafting_table":4,"minecraft:iron_helmet":1,"minecraft:wooden_pickaxe":1,"bloomingnature:swamp_oak_wood":6,"minecraft:iron_sword":1,"bloomingnature:swamp_oak_planks":292,"tacz:gun_smith_table":1,"minecraft:copper_ingot":12049,"minecraft:oak_wood":3,"minecraft:stone_axe":4,"minecraft:air":0,"minecraft:dark_oak_slab":30,"minecraft:white_wool":1,"minecraft:iron_chestplate":1,"minecraft:charcoal":2,"minecraft:shield":2,"minecraft:raw_gold":36,"minecraft:stick":56,"minecraft:iron_ingot":3981,"minecraft:iron_pickaxe":2,"minecraft:iron_block":4,"minecraft:stone_sword":1,"minecraft:iron_leggings":1,"minecraft:gold_ingot":4619,"minecraft:anvil":1,"minecraft:torch":40},"minecraft:custom":{"minecraft:interact_with_smithing_table":8,"minecraft:interact_with_anvil":6,"minecraft:mob_kills":97,"minecraft:interact_with_crafting_table":61,"minecraft:open_barrel":11,"minecraft:leave_game":6,"minecraft:time_since_death":265310,"minecraft:climb_one_cm":35093,"minecraft:sprint_one_cm":707046,"minecraft:walk_one_cm":811353,"minecraft:damage_blocked_by_shield":480,"minecraft:drop":70,"minecraft:play_time":345922,"minecraft:sneak_time":13494,"minecraft:deaths":9,"minecraft:walk_under_water_one_cm":10801,"minecraft:jump":3548,"minecraft:walk_on_water_one_cm":8638,"minecraft:total_world_time":345922,"minecraft:interact_with_furnace":32,"minecraft:sleep_in_bed":11,"minecraft:time_since_rest":4312,"minecraft:damage_taken":6248,"minecraft:damage_absorbed":40,"minecraft:damage_dealt":8135,"minecraft:player_kills":1,"minecraft:swim_one_cm":33405,"minecraft:fly_one_cm":809191,"minecraft:open_chest":321,"minecraft:crouch_one_cm":20768,"minecraft:fall_one_cm":93560},"minecraft:killed":{"bloomingnature:deer":1,"hordes:zombie_player":5,"the_flesh_that_hates:flesh_dog":1,"minecraft:spider":2,"minecraft:zombie_horse":1,"minecraft:skeleton":3,"darkestsouls:hollow_broken_straightsword":1,"the_flesh_that_hates:plaquecontaminator":1,"darkestsouls:beast_patient":1,"the_flesh_that_hates:flesh_hunter_two":1,"the_flesh_that_hates:plaquethreelegcreature":1,"darkestsouls:hollow_longsword":1,"minecraft:zombie_villager":15,"minecraft:sheep":4,"minecraft:pillager":2,"minecraft:zombie":48,"darkestsouls:cloaked_beast_patient":1,"minecraft:cow":8},"minecraft:used":{"minecraft:stone_sword":95,"minecraft:redstone":1,"minecraft:ladder":11,"minecraft:chest":27,"minecraft:spruce_planks":3,"tacz:gun_smith_table":1,"minecraft:shield":7,"minecraft:iron_sword":58,"minecraft:rotten_flesh":8,"minecraft:torch":30,"minecraft:dirt":64,"minecraft:anvil":1,"cgm:workbench":1,"minecraft:glass":2,"minecraft:dark_oak_planks":15,"minecraft:wooden_axe":12,"the_flesh_that_hates:plaqueincubatorone_spawn_egg":1,"minecraft:mangrove_stairs":1,"minecraft:iron_axe":146,"minecraft:iron_helmet":1,"minecraft:iron_boots":1,"minecraft:barrel":2,"minecraft:furnace":3,"bloomingnature:swamp_oak_planks":208,"minecraft:cooked_beef":1,"minecraft:potato":1,"bloomingnature:swamp_oak_slab":170,"minecraft:cooked_mutton":2,"minecraft:stone_pickaxe":237,"minecraft:oak_planks":12,"minecraft:copper_block":1,"minecraft:wooden_pickaxe":3,"minecraft:cracked_stone_bricks":1,"minecraft:golden_apple":1,"minecraft:oak_slab":132,"minecraft:crafting_table":8,"minecraft:white_bed":1,"minecraft:sticky_piston":9,"minecraft:oak_log":2,"minecraft:flower_pot":1,"minecraft:apple":1,"minecraft:dark_oak_log":3,"minecraft:iron_pickaxe":331,"cgm:assault_rifle":328,"minecraft:soul_lantern":1,"minecraft:stone_axe":154,"minecraft:cobblestone":85,"minecraft:cooked_porkchop":44,"minecraft:smithing_table":1,"minecraft:black_candle":1,"minecraft:stripped_oak_log":2},"minecraft:broken":{"minecraft:stone_pickaxe":1,"minecraft:stone_axe":1,"minecraft:iron_pickaxe":1},"minecraft:mined":{"minecraft:dark_oak_planks":2,"minecraft:spruce_planks":9,"minecraft:dark_oak_log":24,"minecraft:potted_cactus":1,"minecraft:ladder":2,"gravestone:gravestone":2,"minecraft:grass_block":9,"minecraft:weathered_copper":1,"minecraft:white_stained_glass":5,"minecraft:exposed_cut_copper_stairs":1,"bloomingnature:swamp_oak_slab":1,"horror_element_mod:blood_2":1,"minecraft:potted_bamboo":1,"minecraft:hopper":10,"minecraft:oxeye_daisy":2,"minecraft:large_fern":7,"minecraft:furnace":1,"minecraft:raw_gold_block":4,"minecraft:sticky_piston":5,"minecraft:iron_ore":8,"minecraft:barrel":2,"minecraft:anvil":1,"bloomingnature:swamp_oak_leaves":1,"minecraft:vine":3,"minecraft:stripped_oak_log":17,"bloomingnature:bluebell":1,"minecraft:stone":274,"minecraft:smithing_table":1,"minecraft:oak_slab":6,"minecraft:mangrove_stairs":1,"jeg:scrap_ore":7,"bloomingnature:chestnut_log":7,"minecraft:quartz_block":24,"minecraft:cyan_terracotta":35,"minecraft:exposed_copper":17,"minecraft:lily_of_the_valley":1,"bloomingnature:swamp_oak_planks":8,"minecraft:smoker":1,"minecraft:blue_stained_glass":8,"minecraft:crafting_table":5,"minecraft:torch":1,"minecraft:blast_furnace":1,"minecraft:gray_stained_glass":6,"minecraft:chest":7,"minecraft:copper_ore":24,"minecraft:tall_grass":20,"minecraft:glass":5,"minecraft:cobblestone":8,"minecraft:potted_oak_sapling":2,"minecraft:oak_planks":7,"minecraft:iron_door":1,"minecraft:wall_torch":1,"bloomingnature:swamp_oak_log":88,"minecraft:cobblestone_wall":1,"minecraft:copper_block":1,"minecraft:tnt":2,"minecraft:grass":21,"minecraft:oak_log":113,"minecraft:coal_ore":30,"darkestsouls:cinnabar_ore":83,"minecraft:dirt":78,"minecraft:cobweb":5,"minecraft:cracked_stone_bricks":2,"minecraft:oak_leaves":6,"minecraft:fern":3},"minecraft:picked_up":{"minecraft:wooden_axe":1,"minecraft:anvil":1,"minecraft:crafting_table":7,"simplehats:eyeholder_beeholder":1,"minecraft:wheat":2,"cgm:basic_bullet":630,"minecraft:exposed_copper":17,"minecraft:ladder":5,"simplehats:hatbag_rare":3,"minecraft:flower_pot":6,"minecraft:smithing_table":1,"minecraft:wooden_pickaxe":3,"minecraft:gold_block":72,"minecraft:enchanted_book":1,"simplehats:clockface":1,"minecraft:shield":1,"darkestsouls:beast_blood_clump":3,"minecraft:string":21,"minecraft:raw_copper":89,"minecraft:sticky_piston":5,"zombie_more:acid_drool":1,"bloomingnature:swamp_oak_slab":2,"minecraft:cracked_stone_bricks":6,"minecraft:comparator":1,"simplehats:redeyes":1,"cgm:mini_gun":1,"minecraft:spruce_planks":9,"minecraft:beef":17,"minecraft:iron_pickaxe":1,"minecraft:poppy":4,"minecraft:chest":7,"cgm:advanced_bullet":128,"minecraft:mangrove_log":4,"minecraft:furnace":1,"minecraft:egg":5,"minecraft:stick":12,"minecraft:raw_iron":12,"simplehats:dwarfminerbeard":1,"minecraft:raw_gold_block":4,"simplehats:hatbag_common":6,"minecraft:copper_ingot":8,"minecraft:torch":27,"simplehats:sonichood":1,"pointblank:gunmetal_nugget":135,"tacz:attachment":2,"minecraft:tnt":2,"minecraft:dark_oak_planks":2,"bloomingnature:chestnut_log":7,"minecraft:quartz_block":24,"minecraft:arrow":6,"minecraft:stone_sword":4,"simplehats:floatingstar":1,"minecraft:cactus":4,"minecraft:mangrove_stairs":1,"minecraft:rotten_flesh":69,"cgm:assault_rifle":1,"minecraft:iron_block":20,"simplehats:paypay":1,"minecraft:cyan_terracotta":31,"minecraft:gold_ingot":6,"minecraft:mutton":6,"minecraft:stripped_oak_log":17,"minecraft:white_wool":6,"minecraft:cobblestone":303,"minecraft:oxeye_daisy":3,"minecraft:copper_block":35,"minecraft:iron_door":2,"minecraft:water_bucket":1,"minecraft:salmon":4,"minecraft:leather":12,"minecraft:yellow_dye":1,"bloomingnature:swamp_oak_planks":8,"minecraft:potato":2,"securitycraft:sc_manual":1,"darkestsouls:cinnabar":124,"minecraft:oak_log":108,"jeg:scrap":24,"minecraft:gunpowder":12,"minecraft:dirt":87,"simplehats:hatbag_epic":2,"the_flesh_that_hates:piece_of_flesh":5,"spartanweaponry:iron_rapier":2,"minecraft:name_tag":1,"minecraft:glass":256,"minecraft:bone":15,"bloomingnature:bluebell":1,"minecraft:apple":1,"minecraft:wheat_seeds":15,"minecraft:iron_ingot":7,"minecraft:stone_pickaxe":3,"simplehats:hatbag_uncommon":7,"minecraft:bamboo":1,"minecraft:iron_sword":4,"minecraft:oak_planks":44,"jeg:tech_trash":1,"minecraft:oak_slab":5,"minecraft:black_candle":1,"cgm:rifle":1,"minecraft:weathered_copper":1,"minecraft:blast_furnace":1,"minecraft:lily_of_the_valley":1,"minecraft:dark_oak_log":26,"minecraft:barrel":2,"simplehats:baby_crewmate":1,"simplehats:brownbrick":3,"simplehats:foxhat":1,"horror_element_mod:blood_2":1,"simplehats:cardboard_box":1,"tacz:modern_kinetic_gun":6,"bloomingnature:swamp_oak_log":84,"minecraft:soul_lantern":1,"simplehats:thumbnail":1,"minecraft:oak_sapling":2,"minecraft:coal":43,"minecraft:hopper":10},"minecraft:killed_by":{"minecraft:player":1}},"DataVersion":3465}