{"stats":{"minecraft:picked_up":{"minecraft:stripped_oak_log":2,"minecraft:crafting_table":5,"simplehats:eyeholder_beeholder":1,"minecraft:iron_door":1,"minecraft:ladder":5,"minecraft:flower_pot":4,"minecraft:leather":5,"minecraft:wooden_pickaxe":2,"minecraft:potato":1,"minecraft:oak_log":21,"minecraft:shield":1,"darkestsouls:beast_blood_clump":3,"minecraft:dirt":62,"minecraft:string":15,"minecraft:bone":6,"minecraft:cracked_stone_bricks":6,"minecraft:wheat_seeds":11,"minecraft:spruce_planks":9,"minecraft:beef":7,"minecraft:stone_pickaxe":3,"minecraft:poppy":2,"simplehats:hatbag_uncommon":2,"minecraft:chest":2,"minecraft:oak_planks":38,"minecraft:iron_sword":4,"minecraft:egg":2,"minecraft:furnace":1,"minecraft:stick":12,"minecraft:raw_iron":8,"simplehats:dwarfminerbeard":1,"simplehats:hatbag_common":1,"minecraft:torch":24,"pointblank:gunmetal_nugget":32,"minecraft:lily_of_the_valley":1,"minecraft:dark_oak_log":2,"minecraft:stone_sword":4,"minecraft:arrow":3,"minecraft:cactus":4,"simplehats:brownbrick":3,"minecraft:rotten_flesh":11,"horror_element_mod:blood_2":1,"bloomingnature:swamp_oak_log":35,"minecraft:coal":20,"minecraft:white_wool":2,"minecraft:cobblestone":133,"minecraft:oxeye_daisy":2},"minecraft:killed_by":{"minecraft:player":1},"minecraft:mined":{"minecraft:spruce_planks":9,"minecraft:lily_of_the_valley":1,"minecraft:dark_oak_log":2,"minecraft:potted_cactus":1,"minecraft:blue_stained_glass":8,"minecraft:crafting_table":4,"gravestone:gravestone":2,"minecraft:ladder":2,"minecraft:grass_block":2,"minecraft:gray_stained_glass":6,"minecraft:chest":2,"minecraft:white_stained_glass":1,"minecraft:cobblestone":1,"horror_element_mod:blood_2":1,"minecraft:glass":1,"minecraft:tall_grass":9,"minecraft:oak_planks":3,"minecraft:oxeye_daisy":1,"minecraft:large_fern":1,"bloomingnature:swamp_oak_log":37,"minecraft:furnace":1,"minecraft:iron_ore":4,"bloomingnature:swamp_oak_leaves":1,"minecraft:grass":11,"minecraft:oak_log":21,"minecraft:coal_ore":16,"minecraft:dirt":60,"minecraft:stripped_oak_log":2,"minecraft:cobweb":5,"minecraft:cracked_stone_bricks":2,"minecraft:stone":106,"minecraft:oak_leaves":1,"minecraft:fern":2},"minecraft:dropped":{"minecraft:cobblestone":14,"darkestsouls:beast_blood_clump":1,"pointblank:gunmetal_nugget":1,"minecraft:oxeye_daisy":1,"horror_element_mod:blood_2":1,"minecraft:flower_pot":1,"minecraft:shield":1,"simplehats:hatbag_common":1,"simplehats:hatbag_uncommon":1,"simplehats:brownbrick":1,"gravestone:obituary":3,"minecraft:arrow":1,"minecraft:white_wool":1,"minecraft:bone":1,"minecraft:egg":1},"minecraft:custom":{"minecraft:interact_with_furnace":8,"minecraft:mob_kills":19,"minecraft:interact_with_crafting_table":17,"minecraft:open_barrel":1,"minecraft:leave_game":2,"minecraft:time_since_death":8087,"minecraft:climb_one_cm":24241,"minecraft:time_since_rest":8128,"minecraft:sprint_one_cm":243191,"minecraft:damage_taken":3988,"minecraft:walk_one_cm":305864,"minecraft:damage_blocked_by_shield":480,"minecraft:drop":17,"minecraft:damage_dealt":4383,"minecraft:swim_one_cm":992,"minecraft:player_kills":1,"minecraft:fly_one_cm":279382,"minecraft:open_chest":49,"minecraft:play_time":88699,"minecraft:deaths":9,"minecraft:sneak_time":3681,"minecraft:walk_under_water_one_cm":711,"minecraft:jump":1149,"minecraft:walk_on_water_one_cm":1288,"minecraft:total_world_time":88699,"minecraft:fall_one_cm":20227},"minecraft:crafted":{"minecraft:cooked_beef":1,"minecraft:oak_planks":52,"minecraft:crafting_table":3,"minecraft:wooden_pickaxe":1,"minecraft:iron_sword":1,"minecraft:furnace":1,"minecraft:stone_axe":1,"minecraft:air":0,"minecraft:white_wool":1,"minecraft:shield":2,"minecraft:stick":16,"minecraft:iron_ingot":4,"minecraft:stone_pickaxe":2,"minecraft:stone_sword":1,"minecraft:chest":3,"minecraft:torch":28},"minecraft:used":{"minecraft:stone_sword":20,"minecraft:redstone":1,"minecraft:stone_pickaxe":132,"minecraft:oak_planks":1,"minecraft:ladder":2,"minecraft:spruce_planks":3,"minecraft:wooden_pickaxe":3,"minecraft:chest":4,"minecraft:shield":7,"minecraft:iron_sword":58,"minecraft:rotten_flesh":8,"minecraft:cracked_stone_bricks":1,"minecraft:torch":16,"minecraft:dirt":62,"minecraft:crafting_table":7,"minecraft:oak_log":2,"the_flesh_that_hates:plaqueincubatorone_spawn_egg":1,"minecraft:stone_axe":55,"minecraft:cobblestone":66,"minecraft:furnace":2,"minecraft:cooked_porkchop":11,"minecraft:cooked_beef":1,"minecraft:potato":1},"minecraft:broken":{"minecraft:stone_pickaxe":1},"minecraft:killed":{"bloomingnature:deer":1,"hordes:zombie_player":4,"minecraft:spider":1,"minecraft:zombie_horse":1,"minecraft:skeleton":1,"minecraft:zombie":6,"darkestsouls:cloaked_beast_patient":1,"darkestsouls:beast_patient":1,"minecraft:cow":3}},"DataVersion":3465}