{"stats":{"minecraft:dropped":{"minecraft:oak_slab":2,"minecraft:wheat_seeds":2,"minecraft:cobblestone_wall":1,"minecraft:rotten_flesh":2,"minecraft:dirt":20,"bloomingnature:chestnut_log":2,"minecraft:ladder":5,"minecraft:iron_leggings":2,"minecraft:iron_pickaxe":1,"simplehats:eyeholder_evil":2},"minecraft:crafted":{"minecraft:oak_planks":8,"minecraft:crafting_table":3,"minecraft:iron_axe":1,"minecraft:stick":8,"minecraft:iron_pickaxe":2},"minecraft:custom":{"minecraft:interact_with_smithing_table":1,"minecraft:mob_kills":14,"minecraft:interact_with_cartography_table":1,"minecraft:interact_with_crafting_table":5,"minecraft:open_barrel":1,"minecraft:leave_game":4,"minecraft:time_since_death":27781,"minecraft:sleep_in_bed":8,"minecraft:climb_one_cm":9486,"minecraft:time_since_rest":27817,"minecraft:sprint_one_cm":251508,"minecraft:damage_taken":1686,"minecraft:walk_one_cm":597718,"minecraft:drop":14,"minecraft:fly_one_cm":114503,"minecraft:open_chest":40,"minecraft:crouch_one_cm":310,"minecraft:play_time":184680,"minecraft:deaths":2,"minecraft:sneak_time":189,"minecraft:walk_under_water_one_cm":7412,"minecraft:jump":1440,"minecraft:walk_on_water_one_cm":3323,"minecraft:total_world_time":184680,"minecraft:fall_one_cm":40839},"minecraft:killed":{"zombie_more:boomer_zombie":1,"minecraft:zombie_villager":1,"minecraft:pillager":1,"minecraft:zombie":9,"darkestsouls:beast_patient":2},"minecraft:used":{"minecraft:crafting_table":2,"minecraft:white_bed":1,"minecraft:milk_bucket":1,"minecraft:dark_oak_log":1,"minecraft:iron_axe":136,"minecraft:iron_pickaxe":361,"minecraft:cobblestone":103,"minecraft:cooked_porkchop":28,"minecraft:egg":1,"cgm:mini_gun":165},"minecraft:mined":{"bloomingnature:chestnut_log":2,"jeg:scrap_ore":4,"minecraft:grass_block":7,"minecraft:tall_grass":6,"minecraft:copper_ore":6,"minecraft:cobblestone":26,"minecraft:large_fern":1,"bloomingnature:swamp_oak_log":67,"minecraft:grass":10,"minecraft:oak_log":64,"minecraft:coal_ore":9,"minecraft:dirt":16,"minecraft:stone":298,"minecraft:oak_leaves":1},"minecraft:picked_up":{"cgm:basic_bullet":128,"minecraft:ladder":5,"simplehats:hatbag_rare":1,"minecraft:oak_log":62,"jeg:scrap":6,"minecraft:cobblestone_wall":1,"darkestsouls:beast_blood_clump":2,"minecraft:dirt":20,"minecraft:raw_copper":22,"simplehats:hatbag_epic":1,"minecraft:iron_leggings":3,"minecraft:bow":1,"minecraft:wheat_seeds":3,"cgm:mini_gun":1,"minecraft:iron_ingot":336,"simplehats:hatbag_uncommon":2,"jeg:tech_trash":2,"minecraft:egg":1,"minecraft:oak_slab":2,"minecraft:milk_bucket":1,"simplehats:grandmadisguise":1,"minecraft:cooked_porkchop":39,"simplehats:hatbag_common":4,"pointblank:gunmetal_nugget":4,"minecraft:dark_oak_log":1,"minecraft:dark_oak_planks":12,"bloomingnature:chestnut_log":2,"minecraft:rotten_flesh":3,"simplehats:eyeholder_evil":3,"simplehats:winghat":1,"bloomingnature:swamp_oak_log":64,"minecraft:iron_block":6,"simplehats:cowboy":1,"minecraft:coal":6,"minecraft:cobblestone":323},"minecraft:killed_by":{"minecraft:spider":1}},"DataVersion":3465}