{"stats":{"minecraft:dropped":{"minecraft:dirt":20,"minecraft:oak_slab":2,"minecraft:cobblestone_wall":1,"minecraft:rotten_flesh":2,"minecraft:iron_pickaxe":1},"minecraft:crafted":{"minecraft:oak_planks":8,"minecraft:iron_axe":1,"minecraft:crafting_table":3,"minecraft:stick":8,"minecraft:iron_pickaxe":2},"minecraft:custom":{"minecraft:time_since_rest":4312,"minecraft:interact_with_smithing_table":1,"minecraft:walk_one_cm":456595,"minecraft:sprint_one_cm":205497,"minecraft:damage_taken":824,"minecraft:mob_kills":12,"minecraft:drop":6,"minecraft:interact_with_crafting_table":4,"minecraft:fly_one_cm":94525,"minecraft:open_barrel":1,"minecraft:open_chest":20,"minecraft:crouch_one_cm":310,"minecraft:play_time":119676,"minecraft:deaths":1,"minecraft:sneak_time":181,"minecraft:walk_under_water_one_cm":5682,"minecraft:jump":1198,"minecraft:sleep_in_bed":6,"minecraft:leave_game":3,"minecraft:time_since_death":107322,"minecraft:walk_on_water_one_cm":2384,"minecraft:total_world_time":119676,"minecraft:climb_one_cm":5619,"minecraft:fall_one_cm":33585},"minecraft:killed":{"zombie_more:boomer_zombie":1,"minecraft:pillager":1,"minecraft:zombie":9,"darkestsouls:beast_patient":1},"minecraft:used":{"minecraft:dark_oak_log":1,"minecraft:iron_axe":13,"minecraft:iron_pickaxe":361,"minecraft:cobblestone":103,"minecraft:crafting_table":2,"minecraft:cooked_porkchop":8,"minecraft:white_bed":1,"minecraft:egg":1,"cgm:mini_gun":121},"minecraft:mined":{"bloomingnature:chestnut_log":2,"jeg:scrap_ore":4,"minecraft:oak_log":11,"minecraft:grass":9,"minecraft:grass_block":7,"minecraft:coal_ore":9,"minecraft:dirt":16,"minecraft:copper_ore":6,"minecraft:tall_grass":5,"minecraft:cobblestone":26,"minecraft:stone":298,"minecraft:oak_leaves":1},"minecraft:picked_up":{"minecraft:oak_slab":2,"cgm:basic_bullet":128,"simplehats:grandmadisguise":1,"minecraft:cooked_porkchop":39,"simplehats:hatbag_rare":1,"simplehats:hatbag_common":3,"pointblank:gunmetal_nugget":4,"minecraft:oak_log":11,"jeg:scrap":6,"minecraft:cobblestone_wall":1,"minecraft:dark_oak_log":1,"minecraft:dirt":20,"bloomingnature:chestnut_log":2,"minecraft:dark_oak_planks":12,"minecraft:raw_copper":22,"simplehats:hatbag_epic":1,"minecraft:iron_leggings":1,"minecraft:rotten_flesh":2,"simplehats:eyeholder_evil":1,"minecraft:bow":1,"simplehats:winghat":1,"minecraft:wheat_seeds":2,"cgm:mini_gun":1,"minecraft:iron_block":6,"minecraft:iron_ingot":336,"simplehats:hatbag_uncommon":2,"simplehats:cowboy":1,"minecraft:coal":6,"jeg:tech_trash":2,"minecraft:cobblestone":323,"minecraft:egg":1},"minecraft:killed_by":{"minecraft:spider":1}},"DataVersion":3465}