{"stats":{"minecraft:crafted":{"minecraft:crafting_table":1,"minecraft:stick":4,"minecraft:iron_pickaxe":1},"minecraft:custom":{"minecraft:time_since_rest":2128,"minecraft:interact_with_smithing_table":1,"minecraft:walk_one_cm":272265,"minecraft:sprint_one_cm":117403,"minecraft:damage_taken":704,"minecraft:mob_kills":10,"minecraft:interact_with_crafting_table":2,"minecraft:fly_one_cm":75596,"minecraft:open_barrel":1,"minecraft:open_chest":4,"minecraft:crouch_one_cm":310,"minecraft:play_time":59676,"minecraft:deaths":1,"minecraft:sneak_time":181,"minecraft:walk_under_water_one_cm":1760,"minecraft:jump":781,"minecraft:sleep_in_bed":2,"minecraft:leave_game":3,"minecraft:time_since_death":47322,"minecraft:walk_on_water_one_cm":903,"minecraft:total_world_time":59676,"minecraft:climb_one_cm":2762,"minecraft:fall_one_cm":21885},"minecraft:killed":{"minecraft:zombie":9,"darkestsouls:beast_patient":1},"minecraft:used":{"minecraft:dark_oak_log":1,"minecraft:iron_pickaxe":143,"minecraft:cobblestone":30,"minecraft:crafting_table":1,"minecraft:cooked_porkchop":6,"minecraft:white_bed":1,"minecraft:egg":1,"cgm:mini_gun":100},"minecraft:mined":{"minecraft:grass":8,"minecraft:grass_block":3,"minecraft:dirt":8,"minecraft:tall_grass":5,"minecraft:cobblestone":4,"minecraft:stone":129,"minecraft:oak_leaves":1},"minecraft:picked_up":{"minecraft:oak_slab":1,"cgm:basic_bullet":128,"simplehats:grandmadisguise":1,"minecraft:cooked_porkchop":39,"simplehats:hatbag_rare":1,"simplehats:hatbag_common":3,"minecraft:cobblestone_wall":1,"minecraft:dark_oak_log":1,"minecraft:dirt":10,"minecraft:dark_oak_planks":12,"simplehats:hatbag_epic":1,"minecraft:rotten_flesh":2,"simplehats:eyeholder_evil":1,"simplehats:winghat":1,"minecraft:wheat_seeds":2,"cgm:mini_gun":1,"minecraft:iron_ingot":3,"simplehats:hatbag_uncommon":2,"simplehats:cowboy":1,"minecraft:cobblestone":135,"minecraft:egg":1},"minecraft:killed_by":{"minecraft:spider":1}},"DataVersion":3465}