{"stats":{"minecraft:custom":{"minecraft:open_barrel":1,"minecraft:open_chest":2,"minecraft:time_since_rest":6312,"minecraft:interact_with_smithing_table":1,"minecraft:sprint_one_cm":63680,"minecraft:play_time":17989,"minecraft:deaths":1,"minecraft:damage_taken":504,"minecraft:walk_one_cm":105305,"minecraft:jump":476,"minecraft:leave_game":3,"minecraft:time_since_death":5635,"minecraft:climb_one_cm":199,"minecraft:total_world_time":17989,"minecraft:fall_one_cm":10913,"minecraft:fly_one_cm":42599},"minecraft:used":{"minecraft:dark_oak_log":1,"minecraft:cooked_porkchop":3,"minecraft:egg":1},"minecraft:mined":{"minecraft:grass":8,"minecraft:tall_grass":3,"minecraft:oak_leaves":1},"minecraft:picked_up":{"minecraft:cooked_porkchop":7,"minecraft:wheat_seeds":1,"minecraft:dark_oak_log":1,"minecraft:egg":1},"minecraft:killed_by":{"minecraft:spider":1}},"DataVersion":3465}