{"stats":{"minecraft:dropped":{"minecraft:oak_slab":2,"minecraft:wheat_seeds":2,"minecraft:cobblestone_wall":1,"minecraft:rotten_flesh":2,"jeg:scrap":6,"minecraft:flint":3,"minecraft:dirt":20,"bloomingnature:tall_lupine_purple":1,"bloomingnature:chestnut_log":2,"minecraft:ladder":5,"minecraft:iron_leggings":2,"gravestone:obituary":1,"minecraft:arrow":9,"minecraft:iron_pickaxe":1,"simplehats:eyeholder_evil":2,"minecraft:dark_oak_planks":1},"minecraft:crafted":{"minecraft:oak_planks":8,"minecraft:crafting_table":3,"minecraft:iron_helmet":1,"minecraft:iron_boots":1,"minecraft:iron_chestplate":1,"minecraft:iron_axe":1,"minecraft:stick":8,"minecraft:iron_pickaxe":2},"minecraft:custom":{"minecraft:interact_with_smithing_table":3,"minecraft:mob_kills":14,"minecraft:interact_with_crafting_table":7,"minecraft:interact_with_cartography_table":1,"minecraft:open_barrel":2,"minecraft:interact_with_grindstone":1,"minecraft:leave_game":9,"minecraft:time_since_death":58426,"minecraft:sleep_in_bed":9,"minecraft:climb_one_cm":10062,"minecraft:time_since_rest":13139,"minecraft:sprint_one_cm":267530,"minecraft:damage_taken":1830,"minecraft:walk_one_cm":670179,"minecraft:drop":20,"minecraft:damage_dealt":4,"minecraft:fly_one_cm":124790,"minecraft:open_chest":65,"minecraft:crouch_one_cm":636,"minecraft:play_time":215325,"minecraft:deaths":2,"minecraft:sneak_time":229,"minecraft:walk_under_water_one_cm":7412,"minecraft:jump":1516,"minecraft:walk_on_water_one_cm":3731,"minecraft:total_world_time":215325,"minecraft:fall_one_cm":42026},"minecraft:killed":{"zombie_more:boomer_zombie":1,"minecraft:zombie_villager":1,"minecraft:pillager":1,"minecraft:zombie":9,"darkestsouls:beast_patient":2},"minecraft:used":{"minecraft:chest":2,"minecraft:glow_item_frame":1,"minecraft:crafting_table":3,"minecraft:white_bed":1,"minecraft:painting":1,"minecraft:milk_bucket":1,"minecraft:dark_oak_log":1,"minecraft:iron_axe":136,"minecraft:iron_pickaxe":361,"minecraft:cobblestone":103,"minecraft:cooked_porkchop":29,"minecraft:egg":1,"cgm:mini_gun":165},"minecraft:mined":{"jeg:scrap_ore":4,"bloomingnature:chestnut_log":2,"minecraft:grass_block":7,"minecraft:chest":2,"minecraft:tall_grass":6,"minecraft:copper_ore":6,"minecraft:cobblestone":26,"minecraft:blue_bed":2,"minecraft:large_fern":1,"bloomingnature:swamp_oak_log":67,"minecraft:grass":10,"minecraft:oak_log":64,"minecraft:coal_ore":9,"bloomingnature:tall_lupine_purple":1,"minecraft:dirt":16,"minecraft:stone":298,"minecraft:oak_leaves":1},"minecraft:picked_up":{"simplehats:chefshat":1,"cgm:basic_bullet":128,"simplehats:hatbag_rare":1,"minecraft:ladder":5,"minecraft:suspicious_stew":1,"bloomingnature:tall_lupine_purple":1,"minecraft:potion":1,"minecraft:flint":6,"minecraft:oak_log":62,"gravestone:obituary":1,"jeg:scrap":12,"minecraft:cobblestone_wall":1,"darkestsouls:beast_blood_clump":2,"minecraft:dirt":20,"minecraft:blue_bed":2,"minecraft:raw_copper":22,"simplehats:hatbag_epic":1,"minecraft:iron_leggings":3,"simplehats:raincloud":1,"minecraft:bow":1,"minecraft:wheat_seeds":3,"minecraft:iron_ingot":336,"cgm:mini_gun":1,"simplehats:elfhat":1,"minecraft:cobblestone_slab":48,"simplehats:hatbag_uncommon":2,"minecraft:chest":2,"jeg:tech_trash":2,"minecraft:egg":1,"minecraft:oak_slab":2,"minecraft:dark_oak_slab":30,"minecraft:milk_bucket":1,"simplehats:grandmadisguise":1,"minecraft:cooked_porkchop":39,"simplehats:chi_ears":1,"simplehats:hatbag_common":4,"pointblank:gunmetal_nugget":4,"minecraft:dark_oak_log":1,"minecraft:dark_oak_planks":14,"bloomingnature:chestnut_log":2,"minecraft:stone_sword":1,"minecraft:arrow":9,"minecraft:rotten_flesh":3,"simplehats:eyeholder_evil":3,"simplehats:winghat":1,"bloomingnature:swamp_oak_log":64,"minecraft:iron_block":6,"simplehats:cowboy":1,"minecraft:leather_horse_armor":1,"minecraft:coal":6,"minecraft:cobblestone":323},"minecraft:killed_by":{"minecraft:spider":1}},"DataVersion":3465}