{"stats":{"minecraft:crafted":{"minecraft:crafting_table":1,"minecraft:stick":4,"minecraft:iron_pickaxe":1},"minecraft:custom":{"minecraft:time_since_rest":35999,"minecraft:interact_with_smithing_table":1,"minecraft:walk_one_cm":229222,"minecraft:sprint_one_cm":97612,"minecraft:damage_taken":684,"minecraft:mob_kills":10,"minecraft:interact_with_crafting_table":2,"minecraft:fly_one_cm":71017,"minecraft:open_barrel":1,"minecraft:open_chest":3,"minecraft:crouch_one_cm":310,"minecraft:play_time":47676,"minecraft:deaths":1,"minecraft:sneak_time":181,"minecraft:walk_under_water_one_cm":1760,"minecraft:jump":706,"minecraft:leave_game":3,"minecraft:time_since_death":35322,"minecraft:walk_on_water_one_cm":903,"minecraft:total_world_time":47676,"minecraft:climb_one_cm":2762,"minecraft:fall_one_cm":18740},"minecraft:killed":{"minecraft:zombie":9,"darkestsouls:beast_patient":1},"minecraft:used":{"minecraft:dark_oak_log":1,"minecraft:iron_pickaxe":108,"minecraft:cobblestone":3,"minecraft:crafting_table":1,"minecraft:cooked_porkchop":5,"minecraft:egg":1,"cgm:mini_gun":100},"minecraft:mined":{"minecraft:grass":8,"minecraft:dirt":1,"minecraft:tall_grass":4,"minecraft:cobblestone":1,"minecraft:stone":106,"minecraft:oak_leaves":1},"minecraft:picked_up":{"minecraft:oak_slab":1,"cgm:basic_bullet":128,"simplehats:grandmadisguise":1,"minecraft:cooked_porkchop":39,"simplehats:hatbag_rare":1,"simplehats:hatbag_common":3,"minecraft:cobblestone_wall":1,"minecraft:dark_oak_log":1,"minecraft:dirt":2,"minecraft:dark_oak_planks":12,"simplehats:hatbag_epic":1,"minecraft:rotten_flesh":2,"simplehats:eyeholder_evil":1,"simplehats:winghat":1,"minecraft:wheat_seeds":1,"cgm:mini_gun":1,"minecraft:iron_ingot":3,"simplehats:hatbag_uncommon":2,"simplehats:cowboy":1,"minecraft:cobblestone":107,"minecraft:egg":1},"minecraft:killed_by":{"minecraft:spider":1}},"DataVersion":3465}