{"stats":{"minecraft:custom":{"minecraft:open_barrel":1,"minecraft:open_chest":3,"minecraft:time_since_rest":11999,"minecraft:interact_with_smithing_table":1,"minecraft:sprint_one_cm":65184,"minecraft:play_time":23676,"minecraft:deaths":1,"minecraft:damage_taken":524,"minecraft:walk_one_cm":122328,"minecraft:sneak_time":58,"minecraft:jump":528,"minecraft:leave_game":3,"minecraft:time_since_death":11322,"minecraft:climb_one_cm":536,"minecraft:total_world_time":23676,"minecraft:fall_one_cm":12571,"minecraft:fly_one_cm":44689},"minecraft:used":{"minecraft:dark_oak_log":1,"minecraft:cooked_porkchop":3,"minecraft:egg":1},"minecraft:mined":{"minecraft:grass":8,"minecraft:tall_grass":4,"minecraft:oak_leaves":1},"minecraft:picked_up":{"simplehats:grandmadisguise":1,"simplehats:hatbag_rare":1,"simplehats:hatbag_common":3,"minecraft:cooked_porkchop":7,"minecraft:wheat_seeds":1,"simplehats:hatbag_uncommon":2,"simplehats:cowboy":1,"minecraft:dark_oak_log":1,"minecraft:egg":1},"minecraft:killed_by":{"minecraft:spider":1}},"DataVersion":3465}