{"stats":{"minecraft:crafted":{"minecraft:crafting_table":1,"minecraft:stick":4,"minecraft:iron_pickaxe":2},"minecraft:custom":{"minecraft:time_since_rest":12290,"minecraft:interact_with_smithing_table":1,"minecraft:walk_one_cm":384062,"minecraft:sprint_one_cm":141893,"minecraft:damage_taken":734,"minecraft:mob_kills":11,"minecraft:interact_with_crafting_table":3,"minecraft:fly_one_cm":79193,"minecraft:open_barrel":1,"minecraft:open_chest":5,"minecraft:crouch_one_cm":310,"minecraft:play_time":83676,"minecraft:deaths":1,"minecraft:sneak_time":181,"minecraft:walk_under_water_one_cm":1760,"minecraft:jump":947,"minecraft:sleep_in_bed":3,"minecraft:leave_game":3,"minecraft:time_since_death":71322,"minecraft:walk_on_water_one_cm":903,"minecraft:total_world_time":83676,"minecraft:climb_one_cm":2762,"minecraft:fall_one_cm":25905},"minecraft:killed":{"minecraft:pillager":1,"minecraft:zombie":9,"darkestsouls:beast_patient":1},"minecraft:used":{"minecraft:dark_oak_log":1,"minecraft:iron_pickaxe":353,"minecraft:cobblestone":86,"minecraft:crafting_table":1,"minecraft:cooked_porkchop":6,"minecraft:white_bed":1,"minecraft:egg":1,"cgm:mini_gun":108},"minecraft:mined":{"jeg:scrap_ore":4,"minecraft:grass":9,"minecraft:grass_block":7,"minecraft:coal_ore":9,"minecraft:dirt":15,"minecraft:copper_ore":6,"minecraft:tall_grass":5,"minecraft:cobblestone":19,"minecraft:stone":298,"minecraft:oak_leaves":1},"minecraft:picked_up":{"minecraft:oak_slab":1,"cgm:basic_bullet":128,"simplehats:grandmadisguise":1,"minecraft:cooked_porkchop":39,"simplehats:hatbag_rare":1,"simplehats:hatbag_common":3,"jeg:scrap":6,"minecraft:cobblestone_wall":1,"minecraft:dark_oak_log":1,"minecraft:dirt":19,"minecraft:dark_oak_planks":12,"minecraft:raw_copper":22,"simplehats:hatbag_epic":1,"minecraft:rotten_flesh":2,"simplehats:eyeholder_evil":1,"minecraft:bow":1,"simplehats:winghat":1,"minecraft:wheat_seeds":2,"cgm:mini_gun":1,"minecraft:iron_block":6,"minecraft:iron_ingot":336,"simplehats:hatbag_uncommon":2,"simplehats:cowboy":1,"minecraft:coal":6,"jeg:tech_trash":2,"minecraft:cobblestone":314,"minecraft:egg":1},"minecraft:killed_by":{"minecraft:spider":1}},"DataVersion":3465}