{"stats":{"minecraft:crafted":{"minecraft:crafting_table":1,"minecraft:stick":4,"minecraft:iron_pickaxe":2},"minecraft:custom":{"minecraft:time_since_rest":6325,"minecraft:interact_with_smithing_table":1,"minecraft:walk_one_cm":440291,"minecraft:sprint_one_cm":176429,"minecraft:damage_taken":794,"minecraft:mob_kills":12,"minecraft:interact_with_crafting_table":3,"minecraft:fly_one_cm":87913,"minecraft:open_barrel":1,"minecraft:open_chest":14,"minecraft:crouch_one_cm":310,"minecraft:play_time":107676,"minecraft:deaths":1,"minecraft:sneak_time":181,"minecraft:walk_under_water_one_cm":3299,"minecraft:jump":1084,"minecraft:sleep_in_bed":5,"minecraft:leave_game":3,"minecraft:time_since_death":95322,"minecraft:walk_on_water_one_cm":1422,"minecraft:total_world_time":107676,"minecraft:climb_one_cm":4268,"minecraft:fall_one_cm":30397},"minecraft:killed":{"zombie_more:boomer_zombie":1,"minecraft:pillager":1,"minecraft:zombie":9,"darkestsouls:beast_patient":1},"minecraft:used":{"minecraft:dark_oak_log":1,"minecraft:iron_pickaxe":360,"minecraft:cobblestone":102,"minecraft:crafting_table":1,"minecraft:cooked_porkchop":8,"minecraft:white_bed":1,"minecraft:egg":1,"cgm:mini_gun":121},"minecraft:mined":{"jeg:scrap_ore":4,"minecraft:grass":9,"minecraft:grass_block":7,"minecraft:coal_ore":9,"minecraft:dirt":16,"minecraft:copper_ore":6,"minecraft:tall_grass":5,"minecraft:cobblestone":25,"minecraft:stone":298,"minecraft:oak_leaves":1},"minecraft:picked_up":{"minecraft:oak_slab":1,"cgm:basic_bullet":128,"simplehats:grandmadisguise":1,"minecraft:cooked_porkchop":39,"simplehats:hatbag_rare":1,"simplehats:hatbag_common":3,"pointblank:gunmetal_nugget":4,"jeg:scrap":6,"minecraft:cobblestone_wall":1,"minecraft:dark_oak_log":1,"minecraft:dirt":20,"minecraft:dark_oak_planks":12,"minecraft:raw_copper":22,"simplehats:hatbag_epic":1,"minecraft:iron_leggings":1,"minecraft:rotten_flesh":2,"simplehats:eyeholder_evil":1,"minecraft:bow":1,"simplehats:winghat":1,"minecraft:wheat_seeds":2,"cgm:mini_gun":1,"minecraft:iron_block":6,"minecraft:iron_ingot":336,"simplehats:hatbag_uncommon":2,"simplehats:cowboy":1,"minecraft:coal":6,"jeg:tech_trash":2,"minecraft:cobblestone":322,"minecraft:egg":1},"minecraft:killed_by":{"minecraft:spider":1}},"DataVersion":3465}