{"stats":{"minecraft:custom":{"minecraft:open_barrel":1,"minecraft:open_chest":3,"minecraft:time_since_rest":23999,"minecraft:interact_with_smithing_table":1,"minecraft:crouch_one_cm":310,"minecraft:sprint_one_cm":94188,"minecraft:play_time":35676,"minecraft:deaths":1,"minecraft:damage_taken":664,"minecraft:walk_one_cm":178316,"minecraft:sneak_time":181,"minecraft:mob_kills":2,"minecraft:jump":680,"minecraft:leave_game":3,"minecraft:time_since_death":23322,"minecraft:climb_one_cm":2762,"minecraft:total_world_time":35676,"minecraft:fall_one_cm":18127,"minecraft:fly_one_cm":69320},"minecraft:killed":{"minecraft:zombie":1,"darkestsouls:beast_patient":1},"minecraft:used":{"minecraft:dark_oak_log":1,"minecraft:cooked_porkchop":5,"cgm:mini_gun":14,"minecraft:egg":1},"minecraft:mined":{"minecraft:grass":8,"minecraft:tall_grass":4,"minecraft:oak_leaves":1},"minecraft:picked_up":{"cgm:basic_bullet":128,"simplehats:grandmadisguise":1,"simplehats:hatbag_rare":1,"simplehats:hatbag_common":3,"minecraft:cooked_porkchop":39,"minecraft:rotten_flesh":2,"simplehats:eyeholder_evil":1,"simplehats:winghat":1,"minecraft:wheat_seeds":1,"cgm:mini_gun":1,"simplehats:hatbag_uncommon":2,"simplehats:cowboy":1,"minecraft:cobblestone_wall":1,"minecraft:dark_oak_log":1,"minecraft:egg":1},"minecraft:killed_by":{"minecraft:spider":1}},"DataVersion":3465}