{
  "minecraft:recipes/food/cake": {
    "criteria": {
      "has_egg": "2024-07-31 17:10:42 +0000"
    },
    "done": true
  },
  "minecraft:recipes/decorations/crafting_table": {
    "criteria": {
      "unlock_right_away": "2024-07-31 17:08:49 +0000"
    },
    "done": true
  },
  "beautify:progression/root": {
    "criteria": {
      "Install": "2024-07-31 17:08:49 +0000"
    },
    "done": true
  },
  "minecraft:adventure/adventuring_time": {
    "criteria": {
      "minecraft:meadow": "2024-07-31 17:08:53 +0000",
      "minecraft:plains": "2024-07-31 17:09:20 +0000"
    },
    "done": false
  },
  "parcool:grant_parcool_guide": {
    "criteria": {
      "tick": "2024-07-31 17:08:49 +0000"
    },
    "done": true
  },
  "DataVersion": 3465
}